科目代碼,會計科目,日期,傳票號碼,種類,摘要,借方金額,貸方金額,借貸,餘     額
1105,現金 ,112/01/01,11201010001,3,,"160,000",,借,"160,000"
1110,銀行存款 ,112/01/01,11201010001,3,,"9,789,220",,借,"9,789,220"
1135,其他應收帳款 ,112/01/01,11201010001,3,,"44,200",,借,"44,200"
113600,應收退稅款 ,112/01/01,11201010001,3,,"75,410",,借,"75,410"
1210,預付費用 ,112/01/01,11201010001,3,,"4,545,971",,借,"4,545,971"
121900,其他預付費用 ,112/01/01,11201010001,3,工銀利息 ,"541,467",,借,"541,467"
1230,預付貨款 ,112/01/01,11201010001,3,,"100,980",,借,"100,980"
1295,留抵稅額 ,112/01/01,11201010001,3,,"8,898,289",,借,"8,898,289"
1410,土地 ,112/01/01,11201010001,3,,"100,000,000",,借,"100,000,000"
1440,機器設備 ,112/01/01,11201010001,3,,"35,809,525",,借,"35,809,525"
1445,累計折舊-機器設備 ,112/01/01,11201010001,3,,,"16,246,914",貸,"16,246,914"
1460,辦公設備 ,112/01/01,11201010001,3,,"196,286",,借,"196,286"
1465,累計折舊-辦公設備 ,112/01/01,11201010001,3,,,"51,107",貸,"51,107"
1470,未完工程及待驗設備 ,112/01/01,11201010001,3,,"141,096,116",,借,"141,096,116"
1490,其他固定資產 ,112/01/01,11201010001,3,,"124,900",,借,"124,900"
1495,累計折舊-其他固定資產 ,112/01/01,11201010001,3,,,"17,634",貸,"17,634"
1910,存出保證金 ,112/01/01,11201010001,3,,"5,046,150",,借,"5,046,150"
1940,未攤銷費用 ,112/01/01,11201010001,3,,"60,846",,借,"60,846"
2115,銀行借款 ,112/01/01,11201010001,3,,,"142,281,581",貸,"142,281,581"
211970,一年或一營業週期內到期長期借款 ,112/01/01,11201010001,3,,,"9,629,752",貸,"9,629,752"
2120-001,其他應付票據 ,112/01/01,11201010001,3,,,"541,467",貸,"541,467"
2145,應付費用 ,112/01/01,11201010001,3,,,"790,567",貸,"790,567"
214670,應付利息 ,112/01/01,11201010001,3,,,"167,066",貸,"167,066"
2160,其他應付款 ,112/01/01,11201010001,3,,,"4,640,289",貸,"4,640,289"
2990,代收款項 ,112/01/01,11201010001,3,,,"20,646",貸,"20,646"
3110,資本 ,112/01/01,11201010001,3,,,"180,000,000",貸,"180,000,000"
3500,累積盈虧 ,112/01/01,11201010001,3,,"47,897,663",,借,"47,897,663"
1290,進項稅額 ,112/01/02,11201020001,3,,"1,349",,借,"1,349"
1290,進項稅額 ,112/01/02,11201020002,3,,282,,借,"1,631"
1290,進項稅額 ,112/01/02,11201020003,3,,"66,300",,借,"67,931"
1470,未完工程及待驗設備 ,112/01/02,11201020003,3,製程控制盤及相關設備製 作( 訂金30%) ,"1,326,000",,借,"142,422,116"
2120,應付票據 ,112/01/02,11201020001,3,4/30FA6528670(富月) ,,"28,329",貸,"28,329"
2120,應付票據 ,112/01/02,11201020002,3,4/30FA6528673(益風) ,,"5,922",貸,"34,251"
2120,應付票據 ,112/01/02,11201020003,3,3/31FA6528651(金元彬) ,,"1,392,300",貸,"1,426,551"
5595,製-消耗品費 ,112/01/02,11201020001,3,焊條.焊線等 ,"26,980",,借,"26,980"
5595,製-消耗品費 ,112/01/02,11201020002,3,氧氣.乙炔 ,"5,640",,借,"32,620"
1110,銀行存款 ,112/01/04,11201040001,3,合庫-雙和(乙存) ,,"535,740",借,"9,253,480"
1110,銀行存款 ,112/01/04,11201040002,3,合庫-雙和 ,,"680,393",借,"8,573,087"
2115,銀行借款 ,112/01/04,11201040001,3,信保還款 ,"94,553",,貸,"142,187,028"
2115,銀行借款 ,112/01/04,11201040001,3,信保還款 ,"378,203",,貸,"141,808,825"
2160,其他應付款 ,112/01/04,11201040002,3,沖107年12月薪資等 ,"680,393",,貸,"3,959,896"
8010,利息支出 ,112/01/04,11201040001,3,信保基金 ,"12,597",,借,"12,597"
8010,利息支出 ,112/01/04,11201040001,3,信保基金 ,"50,387",,借,"62,984"
1290,進項稅額 ,112/01/07,11201070001,3,,128,,借,"68,059"
2120,應付票據 ,112/01/07,11201070001,3,4/30FA6528672(準則) ,,"2,688",貸,"1,429,239"
5525,製-加工費 ,112/01/07,11201070001,3,零件攻牙 ,"2,560",,借,"2,560"
1110,銀行存款 ,112/01/09,11201090001,3,合庫-雙和(乙存) ,,"86,801",借,"8,486,286"
8010,利息支出 ,112/01/09,11201090001,3,廠融貸款利息 ,"86,801",,借,"149,785"
1110,銀行存款 ,112/01/14,11201140001,3,合庫-雙和(乙存) ,,"140,625",借,"8,345,661"
1290,進項稅額 ,112/01/14,11201140002,3,,400,,借,"68,459"
2120,應付票據 ,112/01/14,11201140002,3,4/30FA6528671(裕宏) ,,"8,400",貸,"1,437,639"
5525,製-加工費 ,112/01/14,11201140002,3,加工零件 ,"8,000",,借,"10,560"
8010,利息支出 ,112/01/14,11201140001,3,土地貸款利息 ,"140,625",,借,"290,410"
1110,銀行存款 ,112/01/15,11201150001,3,合庫-雙和(乙存) ,"5,200,000",,借,"13,545,661"
1110,銀行存款 ,112/01/15,11201150001,3,板信-雙和(乙存轉出) ,,"5,200,000",借,"8,345,661"
1110,銀行存款 ,112/01/15,11201150002,3,合庫-雙和(支存) ,,"1,944,200",借,"6,401,461"
1110,銀行存款 ,112/01/15,11201150003,3,合庫-雙和(乙存) ,,"132,403",借,"6,269,058"
1290,進項稅額 ,112/01/15,11201150003,3,電費 ,309,,借,"68,768"
1290,進項稅額 ,112/01/15,11201150004,3,,225,,借,"68,993"
2120,應付票據 ,112/01/15,11201150002,3,億德旺 ,"470,000",,貸,"967,639"
2120,應付票據 ,112/01/15,11201150002,3,又新實業 ,"529,200",,貸,"438,439"
2120,應付票據 ,112/01/15,11201150002,3,磁技 ,"940,000",,借,"501,561"
2120,應付票據 ,112/01/15,11201150004,3,3/31FA6528669(先鋒戰隊) ,,"4,725",借,"496,836"
5518,製-水電瓦斯費 ,112/01/15,11201150003,3,廠區電費 ,"6,180",,借,"6,180"
6040,旅費 ,112/01/15,11201150003,3,員工油資補貼 ,"25,700",,借,"25,700"
6100,保險費 ,112/01/15,11201150003,3,11月份健保費 ,"21,495",,借,"21,495"
6100,保險費 ,112/01/15,11201150003,3,11月份勞保費 ,"38,223",,借,"59,718"
6100,保險費 ,112/01/15,11201150003,3,11月份勞退金 ,"25,364",,借,"85,082"
6230,其他費用 ,112/01/15,11201150002,3,會計師記帳費 ,"5,000",,借,"5,000"
6230,其他費用 ,112/01/15,11201150003,3,桃科園區管理費(1月份) ,"15,132",,借,"20,132"
6230,其他費用 ,112/01/15,11201150004,3,垃圾清運費(1月份) ,"4,500",,借,"24,632"
1290,進項稅額 ,112/01/22,11201220001,3,,825,,借,"69,818"
2120,應付票據 ,112/01/22,11201220001,3,3/31FA6528660(又勝) ,,"17,325",借,"479,511"
6230,其他費用 ,112/01/22,11201220001,3,煙囪基礎.放樣申請 ,"12,000",,借,"36,632"
6230,其他費用 ,112/01/22,11201220001,3,竣工展期逾期罰款 ,"4,500",,借,"41,132"
1290,進項稅額 ,112/01/23,11201230001,3,,"4,000",,借,"73,818"
2120,應付票據 ,112/01/23,11201230001,3,4/30FA6528664(舜義工程 ) ,,"84,000",借,"395,511"
5525,製-加工費 ,112/01/23,11201230001,3,噴漆.噴砂(台中燒結爐租 金) ,"80,000",,借,"90,560"
1290,進項稅額 ,112/01/24,11201240001,3,,"17,460",,借,"91,278"
2120,應付票據 ,112/01/24,11201240001,3,4/30FA6528674(宏大福) ,,"366,660",借,"28,851"
5502,製-間接人工 ,112/01/24,11201240001,3,工資 ,"349,200",,借,"349,200"
1290,進項稅額 ,112/01/25,11201250001,3,,"11,766",,借,"103,044"
2120,應付票據 ,112/01/25,11201250001,3,2/28FA6528650中明 ,,"247,080",貸,"218,229"
5300,物料進料 ,112/01/25,11201250001,3,鐵板.扁鐵等 ,"225,442",,借,"225,442"
5525,製-加工費 ,112/01/25,11201250001,3,切板.捲圓.壓板工資 ,"9,872",,借,"100,432"
1110,銀行存款 ,112/01/30,11201300001,3,合庫-雙和(支存) ,,"354,992",借,"5,914,066"
2120-001,其他應付票據 ,112/01/30,11201300001,3,台灣工銀 ,"354,992",,貸,"186,475"
1110,銀行存款 ,112/01/31,11201310001,3,合庫-雙和 ,,"1,216,336",借,"4,697,730"
2120,應付票據 ,112/01/31,11201310001,3,小明.正辛.觀世音起重 ,"286,903",,借,"68,674"
2990,代收款項 ,112/01/31,11201310001,3,1月份勞.健保自付 ,,"9,807",貸,"30,453"
6010,薪資支出 ,112/01/31,11201310001,3,一月份薪 ,"445,000",,借,"445,000"
6010,薪資支出 ,112/01/31,11201310001,3,一月份部分薪資 ,"180,000",,借,"625,000"
6010,薪資支出 ,112/01/31,11201310001,3,107年度獎金 ,"314,000",,借,"939,000"
6230,其他費用 ,112/01/31,11201310001,3,匯費 ,240,,借,"41,372"
1110,銀行存款 ,112/02/01,11202010001,3,合庫-雙和(乙存) ,,"666,255",借,"4,031,475"
1230,預付貨款 ,112/02/01,11202010001,3,長鴻興 ,"666,225",,借,"767,205"
6230,其他費用 ,112/02/01,11202010001,3,匯費 ,30,,借,"41,402"
1110,銀行存款 ,112/02/11,11202110001,3,合庫-雙和(乙存) ,,"535,740",借,"3,495,735"
1110,銀行存款 ,112/02/11,11202110002,3,合庫-雙和(乙存) ,,"86,801",借,"3,408,934"
2115,銀行借款 ,112/02/11,11202110001,3,信保還款 ,"374,457",,貸,"141,434,368"
2115,銀行借款 ,112/02/11,11202110001,3,信保還款 ,"93,617",,貸,"141,340,751"
8010,利息支出 ,112/02/11,11202110001,3,信保基金 ,"13,533",,借,"303,943"
8010,利息支出 ,112/02/11,11202110001,3,信保基金 ,"54,133",,借,"358,076"
8010,利息支出 ,112/02/11,11202110002,3,廠融貸款 ,"86,801",,借,"444,877"
1110,銀行存款 ,112/02/13,11202130001,3,合庫-雙和(乙存) ,,"140,625",借,"3,268,309"
1110,銀行存款 ,112/02/13,11202130002,3,合庫-雙和 ,,"28,824",借,"3,239,485"
1110,銀行存款 ,112/02/13,11202130003,3,合庫-雙和 ,,280,借,"3,239,205"
1110,銀行存款 ,112/02/13,11202130004,3,合庫-雙和 ,,793,借,"3,238,412"
1110,銀行存款 ,112/02/13,11202130005,3,合庫-雙和 ,,"15,132",借,"3,223,280"
1110,銀行存款 ,112/02/13,11202130006,3,合庫-雙和 ,,"166,434",借,"3,056,846"
1290,進項稅額 ,112/02/13,11202130002,3,,181,,借,"103,225"
1290,進項稅額 ,112/02/13,11202130003,3,,13,,借,"103,238"
1290,進項稅額 ,112/02/13,11202130004,3,,31,,借,"103,269"
1290,進項稅額 ,112/02/13,11202130006,3,,"3,515",,借,"106,784"
2160,其他應付款 ,112/02/13,11202130006,3,沖107年12月勞健保 ,"92,580",,貸,"3,867,316"
5518,製-水電瓦斯費 ,112/02/13,11202130004,3,廠用水費 ,762,,借,"6,942"
5524,製-燃料費 ,112/02/13,11202130006,3,發電機用油 ,"61,542",,借,"61,542"
5595,製-消耗品費 ,112/02/13,11202130006,3,螺絲.油漆.五金等 ,"8,797",,借,"41,417"
6060,郵電費 ,112/02/13,11202130003,3,辦公室電話費 ,267,,借,267
6230,其他費用 ,112/02/13,11202130002,3,便當.運資.材料等 ,"28,643",,借,"70,045"
6230,其他費用 ,112/02/13,11202130005,3,園區管理費(2月份) ,"15,132",,借,"85,177"
8010,利息支出 ,112/02/13,11202130001,3,土地貸款 ,"140,625",,借,"585,502"
1290,進項稅額 ,112/02/14,11202140001,3,,260,,借,"107,044"
2120,應付票據 ,112/02/14,11202140001,3,3/31FA6528661(正辛) ,,"5,460",借,"63,214"
6030,文具用品 ,112/02/14,11202140001,3,影印費108/1-2月 ,"5,200",,借,"5,200"
1290,進項稅額 ,112/02/18,11202180001,3,,225,,借,"107,269"
2120,應付票據 ,112/02/18,11202180001,3,4/30FA6528662(先鋒戰隊環境 ) ,,"4,725",借,"58,489"
6230,其他費用 ,112/02/18,11202180001,3,觀音廠垃圾清運費(108/2 ) ,"4,500",,借,"89,677"
1290,進項稅額 ,112/02/25,11202250001,3,,"9,207",,借,"116,476"
1290,進項稅額 ,112/02/25,11202250002,3,,"1,044",,借,"117,520"
1290,進項稅額 ,112/02/25,11202250003,3,,"26,417",,借,"143,937"
1470,未完工程及待驗設備 ,112/02/25,11202250003,3,陶瓷濾管系統隔震工程尾 款7 0% ,"528,333",,借,"142,950,449"
2120,應付票據 ,112/02/25,11202250001,3,3/31FA6528659(小明) ,,"193,342",貸,"134,853"
2120,應付票據 ,112/02/25,11202250002,3,4/30FA6528665(超非盈利配管 ) ,,"21,925",貸,"156,778"
2120,應付票據 ,112/02/25,11202250003,3,4/30FA6528663(永安國小國際 ) ,,"554,750",貸,"711,528"
5300,物料進料 ,112/02/25,11202250001,3,鐵板.角鐵等 ,"172,329",,借,"397,771"
5300,物料進料 ,112/02/25,11202250002,3,配管.鍍鋅管等 ,"20,881",,借,"418,652"
5525,製-加工費 ,112/02/25,11202250001,3,捲圓.切板.壓板工資 ,"11,806",,借,"112,238"
1110,銀行存款 ,112/02/26,11202260001,3,合庫-雙和 ,,"6,760",借,"3,050,086"
1110,銀行存款 ,112/02/26,11202260002,3,合庫-雙和 ,,600,借,"3,049,486"
1110,銀行存款 ,112/02/26,11202260003,3,合庫-雙和 ,,630,借,"3,048,856"
1290,進項稅額 ,112/02/26,11202260001,3,,322,,借,"144,259"
1290,進項稅額 ,112/02/26,11202260002,3,,28,,借,"144,287"
1290,進項稅額 ,112/02/26,11202260003,3,,30,,借,"144,317"
1290,進項稅額 ,112/02/26,11202260004,3,,246,,借,"144,563"
1290,進項稅額 ,112/02/26,11202260005,3,,"1,925",,借,"146,488"
2120,應付票據 ,112/02/26,11202260004,3,5/31FA6528668(富月) ,,"5,166",貸,"716,694"
2120,應付票據 ,112/02/26,11202260005,3,4/30FA6528666(敏捷) ,,"40,425",貸,"757,119"
5514,製-郵電費 ,112/02/26,11202260002,3,觀音電話費 ,572,,借,572
5515,製-修繕費 ,112/02/26,11202260005,3,發電機年度保樣費 ,"38,500",,借,"38,500"
5518,製-水電瓦斯費 ,112/02/26,11202260001,3,觀音廠電費 ,"6,438",,借,"13,380"
5595,製-消耗品費 ,112/02/26,11202260004,3,焊條等 ,"4,920",,借,"46,337"
6230,其他費用 ,112/02/26,11202260003,3,中興保全傳訊費 ,600,,借,"90,277"
1110,銀行存款 ,112/02/27,11202270001,3,合庫-雙和 ,,"21,200",借,"3,027,656"
1110,銀行存款 ,112/02/27,11202270002,3,合庫-雙和 ,,"1,215",借,"3,026,441"
1110,銀行存款 ,112/02/27,11202270003,3,合庫-雙和 ,,"12,000",借,"3,014,441"
1110,銀行存款 ,112/02/27,11202270004,3,合庫-雙和 ,,"1,456,809",借,"1,557,632"
1290,進項稅額 ,112/02/27,11202270002,3,,195,,借,"146,683"
2120,應付票據 ,112/02/27,11202270004,3,小明.益風.瑞保.裕宏等 ,"1,456,809",,借,"699,690"
6040,旅費 ,112/02/27,11202270001,3,108年1月油.車資補貼 ,"21,200",,借,"46,900"
6040,旅費 ,112/02/27,11202270002,3,1月油資補貼(何) ,"1,020",,借,"47,920"
6230,其他費用 ,112/02/27,11202270003,3,固污許可審查費及證照費 ,"12,000",,借,"102,277"
1110,銀行存款 ,112/03/04,11203040001,3,合庫-雙和(乙存) ,,"535,740",借,"1,021,892"
1110,銀行存款 ,112/03/04,11203040002,3,合庫-雙和(乙存) ,"5,000,000",,借,"6,021,892"
2115,銀行借款 ,112/03/04,11203040001,3,信保還款 ,"93,831",,貸,"141,246,920"
2115,銀行借款 ,112/03/04,11203040001,3,信保還款 ,"375,315",,貸,"140,871,605"
216800,預收股本 ,112/03/04,11203040002,3,關係人實業(股)公司 ,,"5,000,000",貸,"5,000,000"
8010,利息支出 ,112/03/04,11203040001,3,信保基金 ,"13,319",,借,"598,821"
8010,利息支出 ,112/03/04,11203040001,3,信保基金 ,"53,275",,借,"652,096"
1110,銀行存款 ,112/03/05,11203050001,3,合庫-雙和 ,,280,借,"6,021,612"
1110,銀行存款 ,112/03/05,11203050005,3,合庫-雙和 ,,"625,711",借,"5,395,901"
1135,其他應收帳款 ,112/03/05,11203050005,3,員工借支還款 ,,"10,000",借,"34,200"
1290,進項稅額 ,112/03/05,11203050001,3,,13,,借,"146,696"
1290,進項稅額 ,112/03/05,11203050002,3,,"15,750",,借,"162,446"
1290,進項稅額 ,112/03/05,11203050003,3,,913,,借,"163,359"
1290,進項稅額 ,112/03/05,11203050004,3,,"6,000",,借,"169,359"
1290,進項稅額 ,112/03/05,11203050005,3,,497,,借,"169,856"
2120,應付票據 ,112/03/05,11203050002,3,5/31FA6528667(宏大福) ,,"330,750",借,"368,940"
2120,應付票據 ,112/03/05,11203050003,3,6/30FA6528683(富月) ,,"19,163",借,"349,777"
2120,應付票據 ,112/03/05,11203050004,3,5/31FA6528681(厚片) ,,"126,000",借,"223,777"
2990,代收款項 ,112/03/05,11203050005,3,2月份勞.健保自付 ,,"10,002",貸,"40,455"
5502,製-間接人工 ,112/03/05,11203050002,3,1-2月工資 ,"315,000",,借,"664,200"
5555,製-檢驗費 ,112/03/05,11203050004,3,煙囪結構計算簽證費 ,"120,000",,借,"120,000"
5595,製-消耗品費 ,112/03/05,11203050003,3,砂輪片等 ,"18,250",,借,"64,587"
5595,製-消耗品費 ,112/03/05,11203050005,3,螺絲 ,"19,946",,借,"84,533"
6010,薪資支出 ,112/03/05,11203050005,3,2月份薪資 ,"445,000",,借,"1,384,000"
6010,薪資支出 ,112/03/05,11203050005,3,2月份部份工時 ,"180,000",,借,"1,564,000"
6060,郵電費 ,112/03/05,11203050001,3,辦公室電話費 ,267,,借,534
6230,其他費用 ,112/03/05,11203050005,3,匯費 ,270,,借,"102,547"
1110,銀行存款 ,112/03/11,11203110001,3,合庫-雙和(乙存) ,,"86,801",借,"5,309,100"
8010,利息支出 ,112/03/11,11203110001,3,廠融貸款 ,"86,801",,借,"738,897"
1110,銀行存款 ,112/03/13,11203130001,3,合庫-雙和(乙存) ,,"140,625",借,"5,168,475"
1290,進項稅額 ,112/03/13,11203130002,3,,130,,借,"169,986"
2120,應付票據 ,112/03/13,11203130002,3,4/30FA6528677(正辛) ,,"2,730",借,"221,047"
6030,文具用品 ,112/03/13,11203130002,3,影印費(108/3) ,"2,600",,借,"7,800"
8010,利息支出 ,112/03/13,11203130001,3,土地貸款 ,"140,625",,借,"879,522"
1110,銀行存款 ,112/03/14,11203140001,3,合庫-雙和 ,,"15,132",借,"5,153,343"
1110,銀行存款 ,112/03/14,11203140004,3,合庫-雙和 ,,"91,534",借,"5,061,809"
1290,進項稅額 ,112/03/14,11203140002,3,,225,,借,"170,211"
1290,進項稅額 ,112/03/14,11203140003,3,,"4,500",,借,"174,711"
1290,進項稅額 ,112/03/14,11203140005,3,,,"134,490",借,"40,221"
1295,留抵稅額 ,112/03/14,11203140005,3,107/11-12留底 ,,"8,898,289",借,0
1295,留抵稅額 ,112/03/14,11203140005,3,108/1-2月留底 ,"9,032,779",,借,"9,032,779"
2120,應付票據 ,112/03/14,11203140002,3,5/31FA6528680(先鋒戰隊) ,,"4,725",借,"216,322"
2120,應付票據 ,112/03/14,11203140003,3,5/31FA6528682(來德旺) ,,"94,500",借,"121,822"
2990,代收款項 ,112/03/14,11203140004,3,1月份勞.健保自付額 ,"9,807",,貸,"30,648"
5595,製-消耗品費 ,112/03/14,11203140003,3,陶瓷纖維墊片 ,"90,000",,借,"174,533"
6100,保險費 ,112/03/14,11203140004,3,1月份勞退金 ,"25,989",,借,"111,071"
6100,保險費 ,112/03/14,11203140004,3,1月份勞.健保費 ,"55,738",,借,"166,809"
6230,其他費用 ,112/03/14,11203140001,3,108/3園區管理費 ,"15,132",,借,"117,679"
6230,其他費用 ,112/03/14,11203140002,3,觀音廠垃圾清運(108/3) ,"4,500",,借,"122,179"
1110,銀行存款 ,112/03/15,11203150002,3,合庫-雙和 ,,"6,000",借,"5,055,809"
1290,進項稅額 ,112/03/15,11203150001,3,,"50,745",,借,"90,966"
1470,未完工程及待驗設備 ,112/03/15,11203150001,3,煙囪工程進料款 ,"1,014,917",,借,"143,965,366"
2130,應付帳款 ,112/03/15,11203150001,3,竣奕工程 ,,"1,065,662",貸,"1,065,662"
6230,其他費用 ,112/03/15,11203150002,3,董監事改選代辦手續費 ,"6,000",,借,"128,179"
1290,進項稅額 ,112/03/20,11203200001,3,,"2,000",,借,"92,966"
1290,進項稅額 ,112/03/20,11203200002,3,,"26,775",,借,"119,741"
1290,進項稅額 ,112/03/20,11203200003,3,,"45,900",,借,"165,641"
1470,未完工程及待驗設備 ,112/03/20,11203200002,3,進出料系統及水冷式降溫 塔 工程(設備進場) ,"535,500",,借,"144,500,866"
1470,未完工程及待驗設備 ,112/03/20,11203200003,3,進出料系統及水冷式降溫 塔 工程(安裝款) ,"918,000",,借,"145,418,866"
2120,應付票據 ,112/03/20,11203200001,3,6/30FA6528685(義舜) ,,"42,000",借,"79,822"
2120,應付票據 ,112/03/20,11203200002,3,2/28FA6528648 ,,"562,275",貸,"482,453"
2120,應付票據 ,112/03/20,11203200003,3,3/31FA6528649 ,,"963,900",貸,"1,446,353"
5525,製-加工費 ,112/03/20,11203200001,3,噴砂.噴漆(台中燒結爐租 金) ,"40,000",,借,"152,238"
1230,預付貨款 ,112/03/22,11203220001,3,長鴻興 ,,"666,225",借,"100,980"
1290,進項稅額 ,112/03/22,11203220001,3,,"31,725",,借,"197,366"
1470,未完工程及待驗設備 ,112/03/22,11203220001,3,多管集塵器 ,"634,500",,借,"146,053,366"
1290,進項稅額 ,112/03/23,11203230001,3,,"30,625",,借,"227,991"
1470,未完工程及待驗設備 ,112/03/23,11203230001,3,煙囪工程安裝款 ,"612,500",,借,"146,665,866"
2120,應付票據 ,112/03/23,11203230001,3,4/30FA6528675(竣朗) ,,"643,125",貸,"2,089,478"
1290,進項稅額 ,112/03/25,11203250001,3,,"32,295",,借,"260,286"
1290,進項稅額 ,112/03/25,11203250002,3,,600,,借,"260,886"
2120,應付票據 ,112/03/25,11203250001,3,4/30FA6528676(小明鋼鐵 ) ,,"678,200",貸,"2,767,678"
2120,應付票據 ,112/03/25,11203250002,3,6/30FA6528684(準呈) ,,"12,600",貸,"2,780,278"
5300,物料進料 ,112/03/25,11203250001,3,不銹鋼板.鐵板等 ,"618,437",,借,"1,037,089"
5525,製-加工費 ,112/03/25,11203250001,3,切板.捲圓工資等 ,"27,468",,借,"179,706"
5525,製-加工費 ,112/03/25,11203250002,3,加工費 ,"12,000",,借,"191,706"
1290,進項稅額 ,112/03/27,11203270001,3,,193,,借,"261,079"
2120,應付票據 ,112/03/27,11203270001,3,4/30FA6528678(晉楊七金 ) ,,"4,051",貸,"2,784,329"
5595,製-消耗品費 ,112/03/27,11203270001,3,五金零件等 ,"3,858",,借,"178,391"
1110,銀行存款 ,112/03/28,11203280001,3,合庫-雙和 ,,"7,465",借,"5,048,344"
1110,銀行存款 ,112/03/28,11203280002,3,合庫-雙和(甲存) ,,"4,394,694",借,"653,650"
1290,進項稅額 ,112/03/28,11203280001,3,,355,,借,"261,434"
1290,進項稅額 ,112/03/28,11203280003,3,,100,,借,"261,534"
2120,應付票據 ,112/03/28,11203280002,3,好盛.長壽星等貨款 ,"4,039,702",,借,"1,255,373"
2120,應付票據 ,112/03/28,11203280003,3,6/30FA6528694(薏仁) ,,"2,100",借,"1,253,273"
2120-001,其他應付票據 ,112/03/28,11203280002,3,台灣工銀 ,"354,992",,借,"168,517"
5515,製-修繕費 ,112/03/28,11203280003,3,切割機修理 ,"2,000",,借,"40,500"
5518,製-水電瓦斯費 ,112/03/28,11203280001,3,觀音廠區電費 ,"7,110",,借,"20,490"
1110,銀行存款 ,112/03/29,11203290001,3,合庫-雙和(乙存) ,"316,800",,借,"970,450"
710490,其他收入-其他 ,112/03/29,11203290001,3,空壓機補助款 ,,"316,800",貸,"316,800"
1290,進項稅額 ,112/04/01,11204010001,3,,600,,借,"262,134"
2120,應付票據 ,112/04/01,11204010001,3,6/30FA6545207(俊義) ,,"12,600",借,"1,240,673"
5512,製-運費 ,112/04/01,11204010001,3,起重費 ,"12,000",,借,"12,000"
1110,銀行存款 ,112/04/02,11204020001,3,合庫-雙和(乙存) ,"5,000,000",,借,"5,970,450"
1110,銀行存款 ,112/04/02,11204020002,3,合庫-雙和(乙存) ,,"1,065,692",借,"4,904,758"
1110,銀行存款 ,112/04/02,11204020003,3,兆豐除戶 ,,"17,669",借,"4,887,089"
2130,應付帳款 ,112/04/02,11204020002,3,竣朗企業有限公司 ,"1,065,662",,貸,0
216800,預收股本 ,112/04/02,11204020001,3,關係人實業(股)公司 ,,"5,000,000",貸,"10,000,000"
6230,其他費用 ,112/04/02,11204020002,3,匯費 ,30,,借,"128,209"
8070,其他損失 ,112/04/02,11204020003,3,兆豐除戶 ,"17,669",,借,"17,669"
1110,銀行存款 ,112/04/03,11204030001,3,合庫-雙和 ,,280,借,"4,886,809"
1110,銀行存款 ,112/04/03,11204030002,3,合庫-雙和 ,,"31,500",借,"4,855,309"
1110,銀行存款 ,112/04/03,11204030003,3,合庫-雙和 ,,"615,238",借,"4,240,071"
1110,銀行存款 ,112/04/03,11204030004,3,合庫-雙和 ,,"49,605",借,"4,190,466"
1110,銀行存款 ,112/04/03,11204030005,3,合庫-雙和 ,,"23,021",借,"4,167,445"
1110,銀行存款 ,112/04/03,11204030006,3,合庫-雙和 ,,"11,346",借,"4,156,099"
1290,進項稅額 ,112/04/03,11204030001,3,,13,,借,"262,147"
1290,進項稅額 ,112/04/03,11204030002,3,,"1,500",,借,"263,647"
1290,進項稅額 ,112/04/03,11204030004,3,,"2,240",,借,"265,887"
1290,進項稅額 ,112/04/03,11204030004,3,,144,,借,"266,031"
1290,進項稅額 ,112/04/03,11204030005,3,,74,,借,"266,105"
1290,進項稅額 ,112/04/03,11204030006,3,,62,,借,"266,167"
2990,代收款項 ,112/04/03,11204030003,3,3月份勞.健保自付額 ,,"10,002",貸,"40,650"
5514,製-郵電費 ,112/04/03,11204030005,3,桃園電話費 ,572,,借,"1,144"
5515,製-修繕費 ,112/04/03,11204030004,3,氣動機修理 ,"2,857",,借,"43,357"
5524,製-燃料費 ,112/04/03,11204030004,3,發電機加油 ,"23,333",,借,"84,875"
5595,製-消耗品費 ,112/04/03,11204030004,3,無收縮水泥.油漆.五金材 料 等 ,"18,580",,借,"196,971"
5595,製-消耗品費 ,112/04/03,11204030005,3,套筒等 ,324,,借,"197,295"
5595,製-消耗品費 ,112/04/03,11204030006,3,五金材料.線材等 ,"1,254",,借,"198,549"
6010,薪資支出 ,112/04/03,11204030003,3,3月份薪資 ,"445,000",,借,"2,009,000"
6010,薪資支出 ,112/04/03,11204030003,3,3月份部分工資 ,"180,000",,借,"2,189,000"
6010,薪資支出 ,112/04/03,11204030006,3,補貼林紋乾油資等津貼 ,"10,000",,借,"2,199,000"
6040,旅費 ,112/04/03,11204030004,3,2-3月油資補貼 ,"2,451",,借,"50,371"
6060,郵電費 ,112/04/03,11204030001,3,中和辦公室電話 ,267,,借,801
6230,其他費用 ,112/04/03,11204030002,3,中興保全服務費108/2/1- 108 /7/31 ,"30,000",,借,"158,209"
6230,其他費用 ,112/04/03,11204030003,3,匯費 ,240,,借,"158,449"
6230,其他費用 ,112/04/03,11204030005,3,餐費.拜拜用品等 ,"21,451",,借,"179,900"
6230,其他費用 ,112/04/03,11204030005,3,中興保全傳訊費 ,600,,借,"180,500"
6230,其他費用 ,112/04/03,11204030006,3,匯費 ,30,,借,"180,530"
1110,銀行存款 ,112/04/08,11204080001,3,合庫-雙和(乙存) ,,"535,740",借,"3,620,359"
2115,銀行借款 ,112/04/08,11204080001,3,信保還款 ,"376,175",,貸,"140,495,430"
2115,銀行借款 ,112/04/08,11204080001,3,信保還款 ,"94,046",,貸,"140,401,384"
8010,利息支出 ,112/04/08,11204080001,3,信保基金 ,"52,415",,借,"931,937"
8010,利息支出 ,112/04/08,11204080001,3,信保基金 ,"13,104",,借,"945,041"
1110,銀行存款 ,112/04/09,11204090001,3,合庫-雙和(乙存) ,,"86,801",借,"3,533,558"
8010,利息支出 ,112/04/09,11204090001,3,廠融貸款 ,"86,801",,借,"1,031,842"
1290,進項稅額 ,112/04/10,11204100001,3,,130,,借,"266,297"
2120,應付票據 ,112/04/10,11204100001,3,5/31FA6528688(正辛) ,,"2,730",借,"1,237,943"
6030,文具用品 ,112/04/10,11204100001,3,4月份影印租賃費 ,"2,600",,借,"10,400"
1110,銀行存款 ,112/04/12,11204120001,3,合庫-雙和 ,"4,200",,借,"3,537,758"
7160,退稅收入 ,112/04/12,11204120001,3,106年退稅款 ,,"4,200",貸,"4,200"
1110,銀行存款 ,112/04/15,11204150001,3,合庫-雙和(乙存) ,,"140,625",借,"3,397,133"
1110,銀行存款 ,112/04/15,11204150002,3,合庫-雙和 ,,"95,505",借,"3,301,628"
1110,銀行存款 ,112/04/15,11204150003,3,合庫-雙和 ,,"15,132",借,"3,286,496"
1110,銀行存款 ,112/04/15,11204150004,3,合庫-雙和 ,,"105,147",借,"3,181,349"
1110,銀行存款 ,112/04/15,11204150005,3,合庫-雙和 ,,"42,400",借,"3,138,949"
1290,進項稅額 ,112/04/15,11204150006,3,,225,,借,"266,522"
1290,進項稅額 ,112/04/15,11204150007,3,,400,,借,"266,922"
2120,應付票據 ,112/04/15,11204150006,3,6/30FA6528693(先鋒戰隊環境 ) ,,"4,725",借,"1,233,218"
2120,應付票據 ,112/04/15,11204150007,3,5/31FA6528691(觀世音起重 ) ,,"8,400",借,"1,224,818"
2990,代收款項 ,112/04/15,11204150002,3,勞.健保自付款 ,"10,002",,貸,"30,648"
5512,製-運費 ,112/04/15,11204150007,3,吊運費 ,"8,000",,借,"20,000"
6040,旅費 ,112/04/15,11204150005,3,2.3月員工油.車資補貼 ,"42,400",,借,"92,771"
6100,保險費 ,112/04/15,11204150002,3,勞退金(2月份) ,"29,310",,借,"196,119"
6100,保險費 ,112/04/15,11204150002,3,勞.健保(2月份) ,"56,193",,借,"252,312"
6230,其他費用 ,112/04/15,11204150003,3,108/4月園區管理費 ,"15,132",,借,"195,662"
6230,其他費用 ,112/04/15,11204150004,3,營建工程空污防治費 ,"105,147",,借,"300,809"
6230,其他費用 ,112/04/15,11204150006,3,4月份垃圾清運費 ,"4,500",,借,"305,309"
8010,利息支出 ,112/04/15,11204150001,3,土地貸款 ,"140,625",,借,"1,172,467"
1290,進項稅額 ,112/04/16,11204160001,3,租金3/28-4/27 ,"1,000",,借,"267,922"
2120,應付票據 ,112/04/16,11204160001,3,7/31FA6528696(義舜) ,,"21,000",借,"1,203,818"
5525,製-加工費 ,112/04/16,11204160001,3,噴砂.噴漆 ,"20,000",,借,"211,706"
1290,進項稅額 ,112/04/18,11204180001,3,,400,,借,"268,322"
2120,應付票據 ,112/04/18,11204180001,3,5/31FA6528686(快樂之水 ) ,,"8,400",借,"1,195,418"
6230,其他費用 ,112/04/18,11204180001,3,蒸餾水120桶 ,"8,000",,借,"313,309"
1110,銀行存款 ,112/04/23,11204230001,3,合庫雙和-活存 ,,600,借,"3,138,349"
1110,銀行存款 ,112/04/23,11204230002,3,合庫雙和-活存 ,,"8,684",借,"3,129,665"
1290,進項稅額 ,112/04/23,11204230001,3,,28,,借,"268,350"
1290,進項稅額 ,112/04/23,11204230002,3,,414,,借,"268,764"
1290,進項稅額 ,112/04/23,11204230003,3,,"12,857",,借,"281,621"
1470,未完工程及待驗設備 ,112/04/23,11204230003,3,排煙監測.避雷.照明系統 訂 金30% ,"257,143",,借,"146,923,009"
2120,應付票據 ,112/04/23,11204230003,3,4/30FA6528679(駿馬機電 ) ,,"270,000",借,"925,418"
5514,製-郵電費 ,112/04/23,11204230001,3,觀音廠電話費 ,572,,借,"1,716"
5518,製-水電瓦斯費 ,112/04/23,11204230002,3,觀音廠電費 ,"8,270",,借,"28,760"
1290,進項稅額 ,112/04/24,11204240002,3,,"5,238",,借,"286,859"
2120,應付票據 ,112/04/24,11204240002,3,5/31GFA6528690(又勝) ,,"110,000",借,"815,418"
6230,其他費用 ,112/04/24,11204240002,3,觀音廠公區修復工程 ,"104,762",,借,"418,071"
1110,銀行存款 ,112/04/25,11204250001,3,合庫-雙和 ,,"33,490",借,"3,096,175"
1110,銀行存款 ,112/04/25,11204250002,3,合庫-雙和 ,"2,600,000",,借,"5,696,175"
1110,銀行存款 ,112/04/25,11204250002,3,合庫-雙和(匯板信) ,,"2,600,040",借,"3,096,135"
1110,銀行存款 ,112/04/25,11204250005,3,合庫-雙和 ,"2,600,000",,借,"5,696,135"
1290,進項稅額 ,112/04/25,11204250003,3,,"14,141",,借,"301,000"
1290,進項稅額 ,112/04/25,11204250004,3,,"2,255",,借,"303,255"
2115,銀行借款 ,112/04/25,11204250005,3,銀行放款 ,,"520,000",貸,"140,921,384"
2115,銀行借款 ,112/04/25,11204250005,3,銀行放款 ,,"2,080,000",貸,"143,001,384"
2120,應付票據 ,112/04/25,11204250003,3,5/31FA6528687(小明鋼鐵 ) ,,"296,965",借,"518,453"
2120,應付票據 ,112/04/25,11204250004,3,5/31FA6528692(黃名媛) ,,"47,355",借,"471,098"
5300,物料進料 ,112/04/25,11204250003,3,鐵板.鍍鋅板等 ,"249,632",,借,"1,286,721"
5512,製-運費 ,112/04/25,11204250004,3,搬運費-車趟 ,"45,100",,借,"65,100"
5525,製-加工費 ,112/04/25,11204250003,3,捲圓.切板工資 ,"33,192",,借,"244,898"
6230,其他費用 ,112/04/25,11204250001,3,信保手續費 ,"33,490",,借,"451,561"
6230,其他費用 ,112/04/25,11204250002,3,匯費 ,40,,借,"451,601"
1290,進項稅額 ,112/04/26,11204260001,3,,"1,512",,借,"304,767"
2120,應付票據 ,112/04/26,11204260001,3,7/31FA6528695(富月) ,,"31,752",借,"439,346"
5595,製-消耗品費 ,112/04/26,11204260001,3,焊線等 ,"30,240",,借,"228,789"
1110,銀行存款 ,112/04/29,11204290001,3,板信匯出 ,,"2,600,000",借,"3,096,135"
1110,銀行存款 ,112/04/29,11204290001,3,合庫-雙和(板信匯入) ,"2,600,000",,借,"5,696,135"
1290,進項稅額 ,112/04/29,11204290002,3,,94,,借,"304,861"
2120,應付票據 ,112/04/29,11204290002,3,5/31FA6528689(港富五金 ) ,,"1,964",借,"437,382"
5595,製-消耗品費 ,112/04/29,11204290002,3,五金零件等 ,"1,870",,借,"230,659"
1110,銀行存款 ,112/04/30,11204300001,3,合庫-雙和(支存) ,,"3,070,922",借,"2,625,213"
1290,進項稅額 ,112/04/30,11204300002,3,,750,,借,"305,611"
2120,應付票據 ,112/04/30,11204300001,3,工銀.富月.裕宏.益風.準 呈. 宇晟.先鋒戰隊.非盈利.銘杰.舜 炘. 永安.小明.峻山.正辛.晉 禾. 駿帥 ,"2,715,930",,借,"3,153,312"
2120,應付票據 ,112/04/30,11204300002,3,6/30FA6545208(亞信亞) ,,"15,750",借,"3,137,562"
2120-001,其他應付票據 ,112/04/30,11204300001,3,工銀 ,"354,992",,借,"523,509"
5512,製-運費 ,112/04/30,11204300002,3,運費 ,"15,000",,借,"80,100"
1290,進項稅額 ,112/05/02,11205020001,3,,"2,500",,借,"308,111"
2120,應付票據 ,112/05/02,11205020001,3,6/15FA6545201(峻山) ,,"52,500",借,"3,085,062"
6020,租金支出 ,112/05/02,11205020001,3,108/4/9-108/6/9 ,"50,000",,借,"50,000"
1110,銀行存款 ,112/05/03,11205030001,3,合庫-雙和 ,,"615,238",借,"2,009,975"
1110,銀行存款 ,112/05/03,11205030002,3,合庫-雙和 ,,"51,977",借,"1,957,998"
1110,銀行存款 ,112/05/03,11205030003,3,合庫-雙和 ,,"26,928",借,"1,931,070"
1110,銀行存款 ,112/05/03,11205030004,3,合庫-雙和 ,,"10,030",借,"1,921,040"
1110,銀行存款 ,112/05/03,11205030005,3,合庫-雙和 ,,280,借,"1,920,760"
1110,銀行存款 ,112/05/03,11205030006,3,合庫-雙和 ,,630,借,"1,920,130"
1290,進項稅額 ,112/05/03,11205030002,3,,"2,476",,借,"310,587"
1290,進項稅額 ,112/05/03,11205030003,3,,591,,借,"311,178"
1290,進項稅額 ,112/05/03,11205030005,3,,13,,借,"311,191"
1290,進項稅額 ,112/05/03,11205030006,3,,30,,借,"311,221"
2990,代收款項 ,112/05/03,11205030001,3,4月份勞.健保自付 ,,"10,002",貸,"40,650"
5502,製-間接人工 ,112/05/03,11205030003,3,工資 ,"10,200",,借,"674,400"
5512,製-運費 ,112/05/03,11205030002,3,運費 ,"39,471",,借,"119,571"
5518,製-水電瓦斯費 ,112/05/03,11205030003,3,觀音廠水費 ,868,,借,"29,628"
5524,製-燃料費 ,112/05/03,11205030002,3,發電機加油 ,"8,355",,借,"93,230"
5595,製-消耗品費 ,112/05/03,11205030002,3,螺絲 ,"1,675",,借,"232,334"
5595,製-消耗品費 ,112/05/03,11205030003,3,工膜等 ,920,,借,"233,254"
6010,薪資支出 ,112/05/03,11205030001,3,4月份薪資 ,"445,000",,借,"2,644,000"
6010,薪資支出 ,112/05/03,11205030001,3,4月份部分工資 ,"180,000",,借,"2,824,000"
6010,薪資支出 ,112/05/03,11205030004,3,補貼林紋乾油資等津貼 ,"10,000",,借,"2,834,000"
6060,郵電費 ,112/05/03,11205030005,3,中和辦公室電話 ,267,,借,"1,068"
6230,其他費用 ,112/05/03,11205030001,3,匯費 ,240,,借,"451,841"
6230,其他費用 ,112/05/03,11205030003,3,員工餐費.拜拜什支等 ,"14,349",,借,"466,190"
6230,其他費用 ,112/05/03,11205030004,3,匯費 ,30,,借,"466,220"
6230,其他費用 ,112/05/03,11205030006,3,中興保全傳訊費108/4/1- 108 /4/30 ,600,,借,"466,820"
1290,進項稅額 ,112/05/05,11205050001,3,,201,,借,"311,422"
2120,應付票據 ,112/05/05,11205050001,3,8/31FA6545219(益風) ,,"4,221",借,"3,080,841"
5595,製-消耗品費 ,112/05/05,11205050001,3,氧氣.乙炔 ,"4,020",,借,"237,274"
1110,銀行存款 ,112/05/06,11205060001,3,合庫-雙和 ,,"585,150",借,"1,334,980"
2115,銀行借款 ,112/05/06,11205060001,3,信保還款 ,"415,137",,貸,"142,586,247"
2115,銀行借款 ,112/05/06,11205060001,3,信保還款 ,"103,784",,貸,"142,482,463"
8010,利息支出 ,112/05/06,11205060001,3,信保利息 ,"52,983",,借,"1,225,450"
8010,利息支出 ,112/05/06,11205060001,3,信保利息 ,"13,246",,借,"1,238,696"
1290,進項稅額 ,112/05/08,11205080001,3,,"88,400",,借,"399,822"
1470,未完工程及待驗設備 ,112/05/08,11205080001,3,製程控制盤及相關設備第 二 期交貨款40% ,"1,768,000",,借,"148,691,009"
2120,應付票據 ,112/05/08,11205080001,3,7/31FA6545211(金元彬) ,,"1,856,400",借,"1,224,441"
1110,銀行存款 ,112/05/09,11205090001,3,合庫-雙和(乙存) ,,"86,801",借,"1,248,179"
8010,利息支出 ,112/05/09,11205090001,3,廠融貸款 ,"86,801",,借,"1,325,497"
1290,進項稅額 ,112/05/12,11205120001,3,108/3-4月 ,,"339,787",借,"60,035"
1295,留抵稅額 ,112/05/12,11205120001,3,108/1-2月 ,,"9,032,779",借,0
1295,留抵稅額 ,112/05/12,11205120001,3,108/3-4月 ,"9,372,566",,借,"9,372,566"
1110,銀行存款 ,112/05/13,11205130001,3,合庫-雙和 ,,"140,625",借,"1,107,554"
8010,利息支出 ,112/05/13,11205130001,3,土地貸款利息 ,"140,625",,借,"1,466,122"
1110,銀行存款 ,112/05/14,11205140001,3,合庫-雙和(乙存) ,,"15,132",借,"1,092,422"
1110,銀行存款 ,112/05/14,11205140002,3,合庫-雙和 ,,"21,200",借,"1,071,222"
1110,銀行存款 ,112/05/14,11205140003,3,合庫-雙和 ,,"95,505",借,"975,717"
2990,代收款項 ,112/05/14,11205140003,3,勞.健保自付款 ,"10,002",,貸,"30,648"
6040,旅費 ,112/05/14,11205140002,3,4月份油資補貼 ,"21,200",,借,"113,971"
6100,保險費 ,112/05/14,11205140003,3,勞退金3月份 ,"29,310",,借,"281,622"
6100,保險費 ,112/05/14,11205140003,3,勞.健保3月份 ,"56,193",,借,"337,815"
6230,其他費用 ,112/05/14,11205140001,3,108年5月園區管理費 ,"15,132",,借,"481,952"
1110,銀行存款 ,112/05/15,11205150003,3,,"20,000,000",,借,"20,975,717"
1290,進項稅額 ,112/05/15,11205150001,3,,285,,借,"60,320"
1290,進項稅額 ,112/05/15,11205150002,3,,"2,340",,借,"62,660"
2120,應付票據 ,112/05/15,11205150001,3,7/31FA6545210(先鋒戰隊) ,,"5,985",借,"1,218,456"
2120,應付票據 ,112/05/15,11205150002,3,6/30FA6545206(宏大福) ,,"49,140",借,"1,169,316"
216800,預收股本 ,112/05/15,11205150003,3,,"10,000,000",,貸,0
3110,資本 ,112/05/15,11205150003,3,,,"30,000,000",貸,"210,000,000"
5502,製-間接人工 ,112/05/15,11205150002,3,3月份工資(宏大福) ,"46,800",,借,"721,200"
6230,其他費用 ,112/05/15,11205150001,3,5月份清運費 ,"4,500",,借,"486,452"
6230,其他費用 ,112/05/15,11205150001,3,清運費多出部分 ,"1,200",,借,"487,652"
1290,進項稅額 ,112/05/17,11205170001,3,,130,,借,"62,790"
2120,應付票據 ,112/05/17,11205170001,3,6/30FA6545204(正辛) ,,"2,730",借,"1,166,586"
2120,應付票據 ,112/05/17,11205170002,3,6/15FA6545202(佳佳會計 ) ,,"25,000",借,"1,141,586"
6030,文具用品 ,112/05/17,11205170001,3,5月份影印機租賃費 ,"2,600",,借,"13,000"
6230,其他費用 ,112/05/17,11205170002,3,公司增資變更案 ,"25,000",,借,"512,652"
1110,銀行存款 ,112/05/22,11205220001,3,合庫-雙和 ,,"10,000,110",借,"10,975,607"
1270,業主(股東)往來 ,112/05/22,11205220001,3,股東借款(關係人) ,"10,000,000",,借,"10,000,000"
6230,其他費用 ,112/05/22,11205220001,3,匯費 ,110,,借,"512,762"
1110,銀行存款 ,112/05/23,11205230001,3,合庫-雙和(乙存) ,,600,借,"10,975,007"
1110,銀行存款 ,112/05/23,11205230002,3,合庫-雙和(乙存) ,,"7,140",借,"10,967,867"
1290,進項稅額 ,112/05/23,11205230001,3,,28,,借,"62,818"
1290,進項稅額 ,112/05/23,11205230002,3,,340,,借,"63,158"
5514,製-郵電費 ,112/05/23,11205230001,3,觀音廠電話費 ,572,,借,"2,288"
5518,製-水電瓦斯費 ,112/05/23,11205230002,3,觀音廠電費 ,"6,800",,借,"36,428"
1290,進項稅額 ,112/05/24,11205240001,3,,771,,借,"63,929"
1290,進項稅額 ,112/05/24,11205240002,3,,"1,000",,借,"64,929"
2120,應付票據 ,112/05/24,11205240001,3,6/30FA6545203(小明) ,,"16,186",借,"1,125,400"
2120,應付票據 ,112/05/24,11205240002,3,8/31FA6545221(義舜) ,,"21,000",借,"1,104,400"
5300,物料進料 ,112/05/24,11205240001,3,鐵網.槽鐵等 ,"15,115",,借,"1,301,836"
5525,製-加工費 ,112/05/24,11205240001,3,捲圓工資 ,300,,借,"245,198"
5525,製-加工費 ,112/05/24,11205240002,3,噴砂.噴漆(台中燒結爐租 金) ,"20,000",,借,"265,198"
1290,進項稅額 ,112/05/25,11205250001,3,,526,,借,"65,455"
2120,應付票據 ,112/05/25,11205250001,3,6/30FA6545205(晉楊) ,,"11,051",借,"1,093,349"
5595,製-消耗品費 ,112/05/25,11205250001,3,五金零件等 ,"10,525",,借,"247,799"
1110,銀行存款 ,112/05/29,11205290001,3,合庫-雙和 ,,280,借,"10,967,587"
1110,銀行存款 ,112/05/29,11205290002,3,合庫-雙和 ,,"1,391,947",借,"9,575,640"
1290,進項稅額 ,112/05/29,11205290001,3,,13,,借,"65,468"
2120,應付票據 ,112/05/29,11205290002,3,小明.正辛等 ,"1,036,955",,借,"2,130,304"
2120-001,其他應付票據 ,112/05/29,11205290002,3,台灣工銀 ,"354,992",,借,"878,501"
6060,郵電費 ,112/05/29,11205290001,3,中和辦公室電話費 ,267,,借,"1,335"
1110,銀行存款 ,112/06/03,11206030001,3,合庫-雙和 ,,"624,601",借,"8,951,039"
1110,銀行存款 ,112/06/03,11206030002,3,合庫-雙和 ,,"68,352",借,"8,882,687"
1110,銀行存款 ,112/06/03,11206030003,3,合庫-雙和 ,,"20,188",借,"8,862,499"
1290,進項稅額 ,112/06/03,11206030002,3,,"3,255",,借,"68,723"
1290,進項稅額 ,112/06/03,11206030003,3,,43,,借,"68,766"
2990,代收款項 ,112/06/03,11206030001,3,5月份勞.健保自付 ,,"10,669",貸,"41,317"
5512,製-運費 ,112/06/03,11206030002,3,吊運費等 ,"16,000",,借,"135,571"
5515,製-修繕費 ,112/06/03,11206030002,3,發電機修繕 ,"29,524",,借,"72,881"
5524,製-燃料費 ,112/06/03,11206030002,3,發電機加油 ,"10,133",,借,"103,363"
5595,製-消耗品費 ,112/06/03,11206030002,3,焊條等 ,"9,440",,借,"257,239"
6010,薪資支出 ,112/06/03,11206030001,3,5月份薪資 ,"455,000",,借,"3,289,000"
6010,薪資支出 ,112/06/03,11206030001,3,5月份部分薪資 ,"180,000",,借,"3,469,000"
6030,文具用品 ,112/06/03,11206030003,3,文具及刻印 ,625,,借,"13,625"
6230,其他費用 ,112/06/03,11206030001,3,匯費 ,270,,借,"513,032"
6230,其他費用 ,112/06/03,11206030003,3,員工餐費及拜拜什支.郵?窱?,"18,920",,借,"531,952"
6230,其他費用 ,112/06/03,11206030003,3,中興保全傳訊費108/5/1- 108 /5/31 ,600,,借,"532,552"
1110,銀行存款 ,112/06/04,11206040001,3,合庫-雙和 ,,"585,150",借,"8,277,349"
2115,銀行借款 ,112/06/04,11206040001,3,信保還款 ,"412,752",,貸,"142,069,711"
2115,銀行借款 ,112/06/04,11206040001,3,信保還款 ,"103,188",,貸,"141,966,523"
8010,利息支出 ,112/06/04,11206040001,3,信保利息 ,"55,368",,借,"1,521,490"
8010,利息支出 ,112/06/04,11206040001,3,信保利息 ,"13,842",,借,"1,535,332"
1290,進項稅額 ,112/06/05,11206050001,3,,900,,借,"69,666"
2120,應付票據 ,112/06/05,11206050001,3,7/31FA6545215(生態) ,,"18,900",借,"2,111,404"
6300,檢驗費 ,112/06/05,11206050001,3,60噸地磅檢定費 ,"18,000",,借,"18,000"
1110,銀行存款 ,112/06/10,11206100001,3,合庫-雙和 ,,"86,801",借,"8,190,548"
1290,進項稅額 ,112/06/10,11206100002,3,,474,,借,"70,140"
2120,應付票據 ,112/06/10,11206100002,3,8/31FA6545220(富月) ,,"9,954",借,"2,101,450"
5595,製-消耗品費 ,112/06/10,11206100002,3,手套.焊條等 ,"9,480",,借,"266,719"
8010,利息支出 ,112/06/10,11206100001,3,廠融利息 ,"86,801",,借,"1,622,133"
1290,進項稅額 ,112/06/12,11206120001,3,,667,,借,"70,807"
2120,應付票據 ,112/06/12,11206120001,3,7/31FA6545218(福祿) ,,"14,000",借,"2,087,450"
5515,製-修繕費 ,112/06/12,11206120001,3,發電機檢修 ,"13,333",,借,"86,214"
1110,銀行存款 ,112/06/13,11206130003,3,合庫-雙和 ,,"21,200",借,"8,169,348"
1110,銀行存款 ,112/06/13,11206130004,3,合庫-雙和 ,,"93,109",借,"8,076,239"
1110,銀行存款 ,112/06/13,11206130005,3,合庫-雙和 ,,"15,132",借,"8,061,107"
1110,銀行存款 ,112/06/13,11206130006,3,合庫-雙和 ,,684,借,"8,060,423"
1110,銀行存款 ,112/06/13,11206130007,3,合庫-雙和 ,,"10,000",借,"8,050,423"
1110,銀行存款 ,112/06/13,11206130008,3,合庫-雙和 ,,"3,700",借,"8,046,723"
1110,銀行存款 ,112/06/13,11206130009,3,合庫-雙和 ,,"5,408,500",借,"2,638,223"
1110,銀行存款 ,112/06/13,11206130010,3,合庫-雙和 ,,"140,625",借,"2,497,598"
1290,進項稅額 ,112/06/13,11206130002,3,,225,,借,"71,032"
2120,應付票據 ,112/06/13,11206130001,3,6/30FA6545209(安侯) ,,"90,000",借,"1,997,450"
2120,應付票據 ,112/06/13,11206130002,3,8/31FA6545222(先鋒戰隊) ,,"4,725",借,"1,992,725"
2120,應付票據 ,112/06/13,11206130009,3,駿翊.佳臻.峻奕 ,"5,408,500",,借,"7,401,225"
2990,代收款項 ,112/06/13,11206130001,3,扣繳10% ,,"10,000",貸,"51,317"
2990,代收款項 ,112/06/13,11206130004,3,4月份勞.健自負 ,"10,002",,貸,"41,315"
2990,代收款項 ,112/06/13,11206130007,3,安侯10%扣繳 ,"10,000",,貸,"31,315"
5518,製-水電瓦斯費 ,112/06/13,11206130006,3,觀音廠水費 ,684,,借,"37,112"
6040,旅費 ,112/06/13,11206130003,3,5月份油資補貼 ,"21,200",,借,"135,171"
6080,廣告費 ,112/06/13,11206130008,3,人事刊登費 ,"3,700",,借,"3,700"
6100,保險費 ,112/06/13,11206130004,3,4月份勞退金 ,"27,474",,借,"365,289"
6100,保險費 ,112/06/13,11206130004,3,4月份勞.健保 ,"55,633",,借,"420,922"
6230,其他費用 ,112/06/13,11206130001,3,107年度稅簽.財簽費 ,"100,000",,借,"632,552"
6230,其他費用 ,112/06/13,11206130002,3,垃圾清運費(6月份) ,"4,500",,借,"637,052"
6230,其他費用 ,112/06/13,11206130005,3,6月份原區管理費 ,"15,132",,借,"652,184"
8010,利息支出 ,112/06/13,11206130010,3,土地貸款利息 ,"140,625",,借,"1,762,758"
1290,進項稅額 ,112/06/15,11206150001,3,,"23,595",,借,"94,627"
1470,未完工程及待驗設備 ,112/06/15,11206150001,3,工程保證款 ,"471,905",,借,"149,162,914"
2120,應付票據 ,112/06/15,11206150001,3,7/31FA6545217(又勝) ,,"495,500",借,"6,905,725"
1290,進項稅額 ,112/06/17,11206170001,3,,"253,857",,借,"348,484"
1470,未完工程及待驗設備 ,112/06/17,11206170001,3,大電設備訂金(含追加)30 % ,"5,077,143",,借,"154,240,057"
2120,應付票據 ,112/06/17,11206170001,3,6/15FA6528697(駿帥) ,,"5,331,000",借,"1,574,725"
1290,進項稅額 ,112/06/18,11206180001,3,,130,,借,"348,614"
2120,應付票據 ,112/06/18,11206180001,3,7/31FA6545213(正辛) ,,"2,730",借,"1,571,995"
6030,文具用品 ,112/06/18,11206180001,3,影印費6月份 ,"2,600",,借,"16,225"
1110,銀行存款 ,112/06/21,11206210001,3,合庫-雙和 ,"2,098",,借,"2,499,696"
1110,銀行存款 ,112/06/21,11206210002,3,板信-後埔 ,234,,借,"2,499,930"
1110,銀行存款 ,112/06/21,11206210002,3,板信-後埔 ,,110,借,"2,499,820"
6230,其他費用 ,112/06/21,11206210002,3,匯費1/15-70.4/29-40 ,110,,借,"652,294"
7040,利息收入 ,112/06/21,11206210001,3,合庫利息 ,,"2,098",貸,"2,098"
7040,利息收入 ,112/06/21,11206210002,3,板信利息 ,,234,貸,"2,332"
1290,進項稅額 ,112/06/23,11206230001,3,,400,,借,"349,014"
2120,應付票據 ,112/06/23,11206230001,3,8/31FA6545228(真誠) ,,"8,400",借,"1,563,595"
5512,製-運費 ,112/06/23,11206230001,3,起重費 ,"8,000",,借,"143,571"
1290,進項稅額 ,112/06/24,11206240001,3,,"3,630",,借,"352,644"
1840,裝修費 ,112/06/24,11206240001,3,地板及牆面油漆 ,"72,590",,借,"72,590"
2120,應付票據 ,112/06/24,11206240001,3,7/31FA6545216(住茗) ,,"76,220",借,"1,487,375"
1290,進項稅額 ,112/06/25,11206250002,3,,"30,986",,借,"383,630"
1290,進項稅額 ,112/06/25,11206250003,3,,"4,764",,借,"388,394"
2120,應付票據 ,112/06/25,11206250002,3,7/31FA6545212(小明) ,,"650,699",借,"836,676"
2120,應付票據 ,112/06/25,11206250003,3,8/31FA6545234(非盈利) ,,"100,040",借,"736,636"
5300,物料進料 ,112/06/25,11206250002,3,鍍鋅板.鍍鋅角鐵等 ,"549,678",,借,"1,851,514"
5300,物料進料 ,112/06/25,11206250003,3,配管材料等 ,"95,276",,借,"1,946,790"
5525,製-加工費 ,112/06/25,11206250002,3,切板.捲圓工資等 ,"70,035",,借,"335,233"
1110,銀行存款 ,112/06/26,11206260001,3,零用金 ,,338,借,"2,499,482"
1290,進項稅額 ,112/06/26,11206260001,3,,338,,借,"388,732"
2120,應付票據 ,112/06/26,11206260001,3,7/31FA6545214(觀世音起重 ) ,,"15,150",借,"721,486"
5512,製-運費 ,112/06/26,11206260001,3,起重費 ,"15,150",,借,"158,721"
1110,銀行存款 ,112/06/27,11206270002,3,合庫-雙和 ,,"643,207",借,"1,856,275"
1290,進項稅額 ,112/06/27,11206270001,3,,"1,000",,借,"389,732"
1290,進項稅額 ,112/06/27,11206270002,3,,13,,借,"389,745"
2120,應付票據 ,112/06/27,11206270001,3,9/30FA6545240(義舜) ,,"21,000",借,"700,486"
2120,應付票據 ,112/06/27,11206270002,3,小明.正辛等 ,"278,045",,借,"978,531"
2120-001,其他應付票據 ,112/06/27,11206270002,3,台灣工銀 ,"354,992",,借,"1,233,493"
5514,製-郵電費 ,112/06/27,11206270002,3,觀音廠電話費 ,600,,借,"2,888"
5518,製-水電瓦斯費 ,112/06/27,11206270002,3,觀音廠電費 ,"9,290",,借,"46,402"
5525,製-加工費 ,112/06/27,11206270001,3,噴砂.噴漆(台中燒結爐租 金) ,"20,000",,借,"355,233"
6060,郵電費 ,112/06/27,11206270002,3,中和辦公室電話 ,267,,借,"1,602"
1290,進項稅額 ,112/06/28,11206280001,3,,750,,借,"390,495"
2120,應付票據 ,112/06/28,11206280001,3,8/31FA6545225(亞信亞) ,,"15,750",借,"962,781"
5512,製-運費 ,112/06/28,11206280001,3,熱解機載回 ,"15,000",,借,"173,721"
1290,進項稅額 ,112/07/01,11207010001,3,,"17,143",,借,"407,638"
1290,進項稅額 ,112/07/01,11207010002,3,,"111,905",,借,"519,543"
1290,進項稅額 ,112/07/01,11207010003,3,,"1,850",,借,"521,393"
1290,進項稅額 ,112/07/01,11207010004,3,,"2,153",,借,"523,546"
1290,進項稅額 ,112/07/01,11207010005,3,,"2,593",,借,"526,139"
1460,辦公設備 ,112/07/01,11207010003,3,辦公椅20張 ,"37,000",,借,"233,286"
1470,未完工程及待驗設備 ,112/07/01,11207010001,3,2噸天車工程 ,"342,857",,借,"154,582,914"
1470,未完工程及待驗設備 ,112/07/01,11207010002,3,空污連續自動監測系統交 貨 款 ,"2,238,095",,借,"156,821,009"
2120,應付票據 ,112/07/01,11207010001,3,8/31FA6545239(銀隆倡) ,,"360,000",借,"602,781"
2120,應付票據 ,112/07/01,11207010002,3,9/30FA6545244(磁鐵) ,,"2,350,000",貸,"1,747,219"
2120,應付票據 ,112/07/01,11207010003,3,8/31FA6545231(達摩) ,,"38,850",貸,"1,786,069"
2120,應付票據 ,112/07/01,11207010004,3,10/31FA6545259(亦荃) ,,"45,218",貸,"1,831,287"
2120,應付票據 ,112/07/01,11207010005,3,10/31FA6545261(富月) ,,"54,453",貸,"1,885,740"
5525,製-加工費 ,112/07/01,11207010004,3,鐵板噴砂噴漆 ,"43,065",,借,"398,298"
5595,製-消耗品費 ,112/07/01,11207010005,3,焊條五金等 ,"51,860",,借,"318,579"
1110,銀行存款 ,112/07/03,11207030001,3,合庫-雙和 ,,"624,922",借,"1,231,353"
1110,銀行存款 ,112/07/03,11207030002,3,合庫-雙和 ,,"37,376",借,"1,193,977"
1110,銀行存款 ,112/07/03,11207030003,3,合庫-雙和 ,,"25,051",借,"1,168,926"
1110,銀行存款 ,112/07/03,11207030004,3,合庫-雙和 ,,"6,812",借,"1,162,114"
1110,銀行存款 ,112/07/03,11207030005,3,合庫-雙和 ,,"63,660",借,"1,098,454"
1290,進項稅額 ,112/07/03,11207030002,3,,"1,780",,借,"527,919"
1290,進項稅額 ,112/07/03,11207030004,3,,324,,借,"528,243"
1290,進項稅額 ,112/07/03,11207030005,3,,"3,030",,借,"531,273"
2990,代收款項 ,112/07/03,11207030001,3,6月份勞.健自負 ,,"10,348",貸,"41,663"
5502,製-間接人工 ,112/07/03,11207030002,3,臨時工資 ,"7,100",,借,"728,300"
5502,製-間接人工 ,112/07/03,11207030005,3,6月份臨時工資 ,"60,600",,借,"788,900"
5512,製-運費 ,112/07/03,11207030002,3,吊運費等 ,"13,000",,借,"186,721"
5524,製-燃料費 ,112/07/03,11207030002,3,發電機加油 ,"9,486",,借,"112,849"
5595,製-消耗品費 ,112/07/03,11207030002,3,五金材料等 ,"6,010",,借,"324,589"
5595,製-消耗品費 ,112/07/03,11207030004,3,螺絲等 ,"6,488",,借,"331,077"
6010,薪資支出 ,112/07/03,11207030001,3,6月份薪資 ,"455,000",,借,"3,924,000"
6010,薪資支出 ,112/07/03,11207030001,3,6月份部分薪資 ,"180,000",,借,"4,104,000"
6030,文具用品 ,112/07/03,11207030003,3,文具.支票機等 ,"4,017",,借,"20,242"
6230,其他費用 ,112/07/03,11207030001,3,匯費 ,270,,借,"652,564"
6230,其他費用 ,112/07/03,11207030003,3,員工餐費.拜拜什支等 ,"21,034",,借,"673,598"
6230,其他費用 ,112/07/03,11207030005,3,匯費 ,30,,借,"673,628"
1110,銀行存款 ,112/07/04,11207040001,3,合庫-雙和 ,,"585,150",借,"513,304"
2115,銀行借款 ,112/07/04,11207040001,3,信保還款 ,"103,424",,貸,"141,863,099"
2115,銀行借款 ,112/07/04,11207040001,3,信保還款 ,"413,698",,貸,"141,449,401"
8010,利息支出 ,112/07/04,11207040001,3,信保利息 ,"13,606",,借,"1,776,364"
8010,利息支出 ,112/07/04,11207040001,3,信保利息 ,"54,422",,借,"1,830,786"
1105,現金 ,112/07/05,11207050002,3,林書豪歸還廠內零用金 ,,"30,000",借,"130,000"
1105,現金 ,112/07/05,11207050003,3,廠內零用金 ,"20,000",,借,"150,000"
1110,銀行存款 ,112/07/05,11207050002,3,入現 ,"30,000",,借,"543,304"
1110,銀行存款 ,112/07/05,11207050003,3,合庫-雙和 ,,"20,000",借,"523,304"
1110,銀行存款 ,112/07/09,11207090001,3,合庫-雙和 ,,"86,801",借,"436,503"
8010,利息支出 ,112/07/09,11207090001,3,廠融利息 ,"86,801",,借,"1,917,587"
1290,進項稅額 ,112/07/10,11207100001,3,,"9,924",,借,"541,197"
1290,進項稅額 ,112/07/10,11207100002,3,,"6,700",,借,"547,897"
1470,未完工程及待驗設備 ,112/07/10,11207100002,3,風機40HP ,"67,000",,借,"156,888,009"
1470,未完工程及待驗設備 ,112/07/10,11207100002,3,風機30HP ,"67,000",,借,"156,955,009"
1840,裝修費 ,112/07/10,11207100001,3,輕鋼架工程 ,"198,471",,借,"271,061"
2120,應付票據 ,112/07/10,11207100001,3,8/31FA6545233(超巨) ,,"208,395",貸,"2,094,135"
2120,應付票據 ,112/07/10,11207100002,3,10/31FA6545260(火騰) ,,"140,700",貸,"2,234,835"
1290,進項稅額 ,112/07/12,11207120001,3,,"2,667",,借,"550,564"
1290,進項稅額 ,112/07/12,11207120002,3,108/5-6月 ,,"168,267",借,"382,297"
1295,留抵稅額 ,112/07/12,11207120002,3,108/3-4月 ,,"9,372,566",借,0
1295,留抵稅額 ,112/07/12,11207120002,3,108/5-6月 ,"9,540,833",,借,"9,540,833"
2120,應付票據 ,112/07/12,11207120001,3,8/31FA6545229(立正) ,,"56,000",貸,"2,290,835"
5525,製-加工費 ,112/07/12,11207120001,3,切割工程 ,"53,333",,借,"451,631"
1110,銀行存款 ,112/07/15,11207150001,3,合庫-雙和 ,,"140,625",借,"295,878"
1290,進項稅額 ,112/07/15,11207150002,3,,225,,借,"382,522"
1290,進項稅額 ,112/07/15,11207150003,3,,375,,借,"382,897"
2120,應付票據 ,112/07/15,11207150002,3,9/30FA6545241(先鋒戰隊) ,,"4,725",貸,"2,295,560"
2120,應付票據 ,112/07/15,11207150003,3,8/31FA6545236(厚片) ,,"7,875",貸,"2,303,435"
6230,其他費用 ,112/07/15,11207150002,3,垃圾清運費(7月份) ,"4,500",,借,"678,128"
6230,其他費用 ,112/07/15,11207150003,3,鋼筋測試及車馬費等 ,"7,500",,借,"685,628"
8010,利息支出 ,112/07/15,11207150001,3,土地貸款利息 ,"140,625",,借,"2,058,212"
1110,銀行存款 ,112/07/16,11207160001,3,合庫-雙和 ,,"21,200",借,"274,678"
1110,銀行存款 ,112/07/16,11207160002,3,合庫-雙和 ,,"89,478",借,"185,200"
1110,銀行存款 ,112/07/16,11207160003,3,合庫-雙和 ,,"15,132",借,"170,068"
2990,代收款項 ,112/07/16,11207160002,3,5月份勞.健保自付 ,"10,669",,貸,"30,994"
6040,旅費 ,112/07/16,11207160001,3,6月份油資補貼 ,"21,200",,借,"156,371"
6100,保險費 ,112/07/16,11207160002,3,5月份勞退金 ,"24,560",,借,"445,482"
6100,保險費 ,112/07/16,11207160002,3,5月份勞.健保 ,"54,249",,借,"499,731"
6230,其他費用 ,112/07/16,11207160003,3,7月份園區管理費 ,"15,132",,借,"700,760"
1290,進項稅額 ,112/07/17,11207170001,3,,130,,借,"383,027"
2120,應付票據 ,112/07/17,11207170001,3,8/31FA6545224(正辛) ,,"2,730",貸,"2,306,165"
6030,文具用品 ,112/07/17,11207170001,3,影印費(7月份) ,"2,600",,借,"22,842"
1290,進項稅額 ,112/07/18,11207180001,3,,"15,714",,借,"398,741"
1470,未完工程及待驗設備 ,112/07/18,11207180001,3,乙太網路模組及設備配線 .變 頻器追加訂金30% ,"314,286",,借,"157,269,295"
2120,應付票據 ,112/07/18,11207180001,3,8/31FA6545238(金元彬) ,,"330,000",貸,"2,636,165"
1290,進項稅額 ,112/07/19,11207190001,3,,125,,借,"398,866"
1290,進項稅額 ,112/07/19,11207190002,3,,"14,286",,借,"413,152"
1470,未完工程及待驗設備 ,112/07/19,11207190002,3,多成分分析儀增加量項目 及 其他附屬配件及服務 ,"285,714",,借,"157,555,009"
2120,應付票據 ,112/07/19,11207190001,3,8/31FA6545230(立正) ,,"2,625",貸,"2,638,790"
2120,應付票據 ,112/07/19,11207190002,3,9/30FA6545246(磁鐵) ,,"300,000",貸,"2,938,790"
5525,製-加工費 ,112/07/19,11207190001,3,鑽孔工程 ,"2,500",,借,"454,131"
1110,銀行存款 ,112/07/22,11207220002,3,合庫-雙和 ,,"6,290",借,"163,778"
1110,銀行存款 ,112/07/22,11207220003,3,合庫-雙和 ,,630,借,"163,148"
1110,銀行存款 ,112/07/22,11207220004,3,合庫-雙和 ,"3,700,000",,借,"3,863,148"
1290,進項稅額 ,112/07/22,11207220001,3,,"1,000",,借,"414,152"
1290,進項稅額 ,112/07/22,11207220003,3,,30,,借,"414,182"
2115,銀行借款 ,112/07/22,11207220004,3,廠融放款 ,,"3,700,000",貸,"145,149,401"
2120,應付票據 ,112/07/22,11207220001,3,10/31FA6545258(義舜) ,,"21,000",貸,"2,959,790"
5525,製-加工費 ,112/07/22,11207220001,3,噴砂.噴漆(台中燒結爐租 金) ,"20,000",,借,"474,131"
6080,廣告費 ,112/07/22,11207220002,3,人事刊登費 ,"6,290",,借,"9,990"
6230,其他費用 ,112/07/22,11207220003,3,中興保全傳訊費108/6/1- 108 /6/30 ,600,,借,"701,360"
1290,進項稅額 ,112/07/24,11207240001,3,,"5,000",,借,"419,182"
1470,未完工程及待驗設備 ,112/07/24,11207240001,3,監控系統設訂金30% ,"100,000",,借,"157,655,009"
2120,應付票據 ,112/07/24,11207240001,3,8/31FA6545237(旺仔) ,,"105,000",貸,"3,064,790"
1110,銀行存款 ,112/07/25,11207250009,3,合庫-雙和 ,"5,000,000",,借,"8,863,148"
1270,業主(股東)往來 ,112/07/25,11207250009,3,還款(惠民) ,,"5,000,000",借,"5,000,000"
1290,進項稅額 ,112/07/25,11207250001,3,,"23,164",,借,"442,346"
1290,進項稅額 ,112/07/25,11207250002,3,,"2,381",,借,"444,727"
1290,進項稅額 ,112/07/25,11207250003,3,,760,,借,"445,487"
1290,進項稅額 ,112/07/25,11207250004,3,,"6,735",,借,"452,222"
1290,進項稅額 ,112/07/25,11207250005,3,,"17,143",,借,"469,365"
1290,進項稅額 ,112/07/25,11207250006,3,,"26,191",,借,"495,556"
1290,進項稅額 ,112/07/25,11207250007,3,,"2,619",,借,"498,175"
1290,進項稅額 ,112/07/25,11207250008,3,,"14,132",,借,"512,307"
1460,辦公設備 ,112/07/25,11207250006,3,冷氣一批 ,"380,952",,借,"614,238"
1470,未完工程及待驗設備 ,112/07/25,11207250005,3,排煙監測系統及避雷照明 系 統工程40% ,"342,857",,借,"157,997,866"
1470,未完工程及待驗設備 ,112/07/25,11207250007,3,B廠區2.3樓實驗室照明設 備 ,"52,381",,借,"158,050,247"
1940,未攤銷費用 ,112/07/25,11207250006,3,洗衣機.冰箱 ,"39,000",,借,"99,846"
2120,應付票據 ,112/07/25,11207250001,3,8/31FA6545223(小明) ,,"486,448",貸,"3,551,238"
2120,應付票據 ,112/07/25,11207250002,3,8/31FA6545226(穎泓) ,,"50,001",貸,"3,601,239"
2120,應付票據 ,112/07/25,11207250003,3,8/31FA6545227(立春) ,,"15,960",貸,"3,617,199"
2120,應付票據 ,112/07/25,11207250004,3,8/31FA6545235(晉楊七金 ) ,,"141,423",貸,"3,758,622"
2120,應付票據 ,112/07/25,11207250005,3,9/30FA6545242(駿帥) ,,"360,000",貸,"4,118,622"
2120,應付票據 ,112/07/25,11207250006,3,8/31FA6545232(祥瑞) ,,"589,000",貸,"4,707,622"
2120,應付票據 ,112/07/25,11207250007,3,9/30FA6545245(駿帥) ,,"55,000",貸,"4,762,622"
2120,應付票據 ,112/07/25,11207250008,3,9/30FA6545252(非盈利) ,,"296,775",貸,"5,059,397"
5300,物料進料 ,112/07/25,11207250001,3,鐵板.扁鐵等 ,"398,670",,借,"2,345,460"
5300,物料進料 ,112/07/25,11207250008,3,配管材料 ,"282,643",,借,"2,628,103"
5525,製-加工費 ,112/07/25,11207250001,3,捲圓.沖孔工資等 ,"64,614",,借,"538,745"
5536,製-雜項購置 ,112/07/25,11207250002,3,氬焊機及配件等 ,"47,620",,借,"47,620"
5595,製-消耗品費 ,112/07/25,11207250003,3,油漆材料 ,"15,200",,借,"346,277"
5595,製-消耗品費 ,112/07/25,11207250004,3,五金用品等 ,"134,688",,借,"480,965"
6380,消耗費 ,112/07/25,11207250006,3,工資.材料 ,"142,857",,借,"142,857"
1110,銀行存款 ,112/07/29,11207290001,3,合2庫-雙和 ,,630,借,"8,862,518"
1110,銀行存款 ,112/07/29,11207290002,3,合庫-雙和 ,,"527,730",借,"8,334,788"
1290,進項稅額 ,112/07/29,11207290001,3,,30,,借,"512,337"
1290,進項稅額 ,112/07/29,11207290002,3,,"25,129",,借,"537,466"
1470,未完工程及待驗設備 ,112/07/29,11207290002,3,台電線路設置費 ,"502,571",,借,"158,552,818"
6230,其他費用 ,112/07/29,11207290001,3,中興保全傳訊費108/7/1- 108 /7/31 ,600,,借,"701,960"
6230,其他費用 ,112/07/29,11207290002,3,匯費 ,30,,借,"701,990"
1110,銀行存款 ,112/07/30,11207300001,3,合庫-雙和 ,,"1,577",借,"8,333,211"
1110,銀行存款 ,112/07/30,11207300002,3,合庫-雙和 ,,"3,576,828",借,"4,756,383"
1290,進項稅額 ,112/07/30,11207300001,3,,75,,借,"537,541"
2120,應付票據 ,112/07/30,11207300002,3,富月.義舜.先鋒戰隊.金元彬. 中 明.正辛.生態.住茗等 ,"3,221,836",,貸,"1,837,561"
2120-001,其他應付票據 ,112/07/30,11207300002,3,台灣工銀 ,"354,992",,借,"1,588,485"
5514,製-郵電費 ,112/07/30,11207300001,3,觀音廠電話費 ,"1,502",,借,"4,390"
1110,銀行存款 ,112/08/05,11208050001,3,合庫-雙和 ,,"585,150",借,"4,171,233"
1110,銀行存款 ,112/08/05,11208050002,3,合庫 ,,"659,612",借,"3,511,621"
1110,銀行存款 ,112/08/05,11208050003,3,合庫-雙和 ,,"97,989",借,"3,413,632"
1110,銀行存款 ,112/08/05,11208050004,3,合庫-雙和 ,,744,借,"3,412,888"
1110,銀行存款 ,112/08/05,11208050005,3,合庫-雙和 ,,"44,901",借,"3,367,987"
1110,銀行存款 ,112/08/05,11208050006,3,合庫-雙和 ,,"362,175",借,"3,005,812"
1110,銀行存款 ,112/08/05,11208050007,3,合庫-雙和 ,,"25,234",借,"2,980,578"
1110,銀行存款 ,112/08/05,11208050008,3,合庫-雙和 ,,"70,030",借,"2,910,548"
1110,銀行存款 ,112/08/05,11208050009,3,合庫-雙和 ,,280,借,"2,910,268"
1110,銀行存款 ,112/08/05,11208050010,3,合庫-雙和 ,,"11,721",借,"2,898,547"
1110,銀行存款 ,112/08/05,11208050012,3,合庫-雙和 ,,"24,000",借,"2,874,547"
1210,預付費用 ,112/08/05,11208050008,3,辦公家具訂金 ,"70,000",,借,"4,615,971"
1290,進項稅額 ,112/08/05,11208050006,3,,"17,245",,借,"554,786"
1290,進項稅額 ,112/08/05,11208050007,3,,"1,200",,借,"555,986"
1290,進項稅額 ,112/08/05,11208050009,3,,13,,借,"555,999"
1290,進項稅額 ,112/08/05,11208050010,3,,558,,借,"556,557"
2115,銀行借款 ,112/08/05,11208050001,3,信保還款 ,"414,646",,貸,"144,734,755"
2115,銀行借款 ,112/08/05,11208050001,3,信保還款 ,"103,661",,貸,"144,631,094"
2990,代收款項 ,112/08/05,11208050002,3,7月份勞.健保自付 ,,"11,658",貸,"42,652"
5502,製-間接人工 ,112/08/05,11208050003,3,臨工工資 ,"73,500",,借,"862,400"
5502,製-間接人工 ,112/08/05,11208050006,3,北海人力-臨時工資 ,"344,900",,借,"1,207,300"
5515,製-修繕費 ,112/08/05,11208050003,3,砂輪機修理 ,"1,200",,借,"87,414"
5518,製-水電瓦斯費 ,112/08/05,11208050010,3,觀音廠電費 ,"11,163",,借,"57,565"
5524,製-燃料費 ,112/08/05,11208050003,3,發電機用油 ,"9,960",,借,"122,809"
5595,製-消耗品費 ,112/08/05,11208050003,3,螺絲.電纜線等 ,"13,329",,借,"494,294"
5595,製-消耗品費 ,112/08/05,11208050007,3,螺絲 ,"24,004",,借,"518,298"
6010,薪資支出 ,112/08/05,11208050002,3,7月份薪資 ,"491,000",,借,"4,595,000"
6010,薪資支出 ,112/08/05,11208050002,3,7月份部分薪資 ,"180,000",,借,"4,775,000"
6010,薪資支出 ,112/08/05,11208050012,3,蔡千成薪資 ,"24,000",,借,"4,799,000"
6040,旅費 ,112/08/05,11208050004,3,油資補貼(何) ,744,,借,"157,115"
6060,郵電費 ,112/08/05,11208050009,3,中和辦公室電話費 ,267,,借,"1,869"
6230,其他費用 ,112/08/05,11208050002,3,匯費 ,270,,借,"702,260"
6230,其他費用 ,112/08/05,11208050005,3,抽水肥及通水管 ,"13,500",,借,"715,760"
6230,其他費用 ,112/08/05,11208050005,3,水泥材料及五金用品等 ,"3,937",,借,"719,697"
6230,其他費用 ,112/08/05,11208050005,3,員工餐費及拜拜什支等 ,"27,464",,借,"747,161"
6230,其他費用 ,112/08/05,11208050006,3,匯費 ,30,,借,"747,191"
6230,其他費用 ,112/08/05,11208050007,3,匯費 ,30,,借,"747,221"
6230,其他費用 ,112/08/05,11208050008,3,匯費 ,30,,借,"747,251"
8010,利息支出 ,112/08/05,11208050001,3,信保利息 ,"53,474",,借,"2,111,686"
8010,利息支出 ,112/08/05,11208050001,3,信保利息 ,"13,369",,借,"2,125,055"
1110,銀行存款 ,112/08/09,11208090001,3,合庫-雙和 ,,"91,634",借,"2,782,913"
8010,利息支出 ,112/08/09,11208090001,3,廠融利息 ,"91,634",,借,"2,216,689"
1110,銀行存款 ,112/08/13,11208130001,3,合庫-雙和 ,,"140,625",借,"2,642,288"
1290,進項稅額 ,112/08/13,11208130002,3,,"16,905",,借,"573,462"
1290,進項稅額 ,112/08/13,11208130003,3,,520,,借,"573,982"
2120,應付票據 ,112/08/13,11208130002,3,10/31FA6545262(豪氣) ,,"355,000",貸,"2,192,561"
2120,應付票據 ,112/08/13,11208130003,3,11/30FA6545278(富月) ,,"10,920",貸,"2,203,481"
5300,物料進料 ,112/08/13,11208130002,3,伸縮管等 ,"338,095",,借,"2,966,198"
5595,製-消耗品費 ,112/08/13,11208130003,3,焊條等 ,"10,400",,借,"528,698"
8010,利息支出 ,112/08/13,11208130001,3,土地貸款利息 ,"140,625",,借,"2,357,314"
1290,進項稅額 ,112/08/15,11208150001,3,,"18,382",,借,"592,364"
1290,進項稅額 ,112/08/15,11208150002,3,,"1,000",,借,"593,364"
1290,進項稅額 ,112/08/15,11208150003,3,,"37,702",,借,"631,066"
1470,未完工程及待驗設備 ,112/08/15,11208150001,3,機電設備(第六期計價) ,"367,647",,借,"158,920,465"
1470,未完工程及待驗設備 ,112/08/15,11208150003,3,機電設備 ,"754,030",,借,"159,674,495"
2120,應付票據 ,112/08/15,11208150001,3,12/31FA6545281(減興) ,,"386,029",貸,"2,589,510"
2120,應付票據 ,112/08/15,11208150002,3,11/30FA6545279(義舜) ,,"21,000",貸,"2,610,510"
2130,應付帳款 ,112/08/15,11208150003,3,佳興電機股份有限公司 ,,"791,732",貸,"791,732"
5525,製-加工費 ,112/08/15,11208150002,3,噴砂.噴漆 ,"20,000",,借,"558,745"
1290,進項稅額 ,112/08/16,11208160001,3,,225,,借,"631,291"
1290,進項稅額 ,112/08/16,11208160002,3,,"1,800",,借,"633,091"
2120,應付票據 ,112/08/16,11208160001,3,10/31FA6545256(先鋒戰隊) ,,"4,725",貸,"2,615,235"
2120,應付票據 ,112/08/16,11208160002,3,10/31FA6545265(裕宏) ,,"37,800",貸,"2,653,035"
5525,製-加工費 ,112/08/16,11208160002,3,風門軸座 ,"36,000",,借,"594,745"
6230,其他費用 ,112/08/16,11208160001,3,垃圾清運費(8月份) ,"4,500",,借,"751,751"
1110,銀行存款 ,112/08/20,11208200004,3,合庫-雙和 ,,"76,392",借,"2,565,896"
1110,銀行存款 ,112/08/20,11208200005,3,合庫-雙和 ,,"21,200",借,"2,544,696"
1110,銀行存款 ,112/08/20,11208200006,3,合庫-雙和 ,,"15,132",借,"2,529,564"
1110,銀行存款 ,112/08/20,11208200007,3,合庫-雙和 ,,995,借,"2,528,569"
1110,銀行存款 ,112/08/20,11208200008,3,合庫-雙和 ,,665,借,"2,527,904"
1290,進項稅額 ,112/08/20,11208200001,3,,400,,借,"633,491"
1290,進項稅額 ,112/08/20,11208200002,3,,346,,借,"633,837"
1290,進項稅額 ,112/08/20,11208200003,3,,275,,借,"634,112"
1290,進項稅額 ,112/08/20,11208200007,3,,47,,借,"634,159"
1290,進項稅額 ,112/08/20,11208200008,3,,26,,借,"634,185"
2120,應付票據 ,112/08/20,11208200001,3,9/30FA6545253(快樂之水 ) ,,"8,400",貸,"2,661,435"
2120,應付票據 ,112/08/20,11208200002,3,9/30FA6545255(立春) ,,"7,256",貸,"2,668,691"
2120,應付票據 ,112/08/20,11208200003,3,9/30FA6545249(小翔) ,,"5,775",貸,"2,674,466"
2990,代收款項 ,112/08/20,11208200004,3,6月份勞.健保自付 ,"10,348",,貸,"32,304"
5512,製-運費 ,112/08/20,11208200003,3,搬運費 ,"5,500",,借,"192,221"
5514,製-郵電費 ,112/08/20,11208200007,3,觀音廠電話費 ,948,,借,"5,338"
5518,製-水電瓦斯費 ,112/08/20,11208200008,3,觀音廠水費 ,639,,借,"58,204"
5595,製-消耗品費 ,112/08/20,11208200002,3,油漆一批 ,"6,910",,借,"535,608"
6040,旅費 ,112/08/20,11208200005,3,7月份油資補貼 ,"21,200",,借,"178,315"
6100,保險費 ,112/08/20,11208200004,3,6月份勞退金 ,"27,099",,借,"526,830"
6100,保險費 ,112/08/20,11208200004,3,6月份勞.健保 ,"38,945",,借,"565,775"
6230,其他費用 ,112/08/20,11208200001,3,蒸餾水120桶 ,"8,000",,借,"759,751"
6230,其他費用 ,112/08/20,11208200006,3,8月份園區管理費 ,"15,132",,借,"774,883"
1290,進項稅額 ,112/08/21,11208210001,3,,177,,借,"634,362"
2120,應付票據 ,112/08/21,11208210001,3,9/30FA6545248(正辛) ,,"3,713",貸,"2,678,179"
6030,文具用品 ,112/08/21,11208210001,3,影印費8月份 ,"3,536",,借,"26,378"
1290,進項稅額 ,112/08/22,11208220001,3,,"15,714",,借,"650,076"
1470,未完工程及待驗設備 ,112/08/22,11208220001,3,乙太網路模組及設備配線 .變 頻器第二期交貨30% ,"314,286",,借,"159,988,781"
2120,應付票據 ,112/08/22,11208220001,3,9/30FA6545250(金元彬) ,,"330,000",貸,"3,008,179"
1290,進項稅額 ,112/08/23,11208230001,3,,"253,857",,借,"903,933"
1290,進項稅額 ,112/08/23,11208230002,3,,"13,095",,借,"917,028"
1290,進項稅額 ,112/08/23,11208230003,3,,"5,918",,借,"922,946"
1470,未完工程及待驗設備 ,112/08/23,11208230001,3,設計圖審圖及配電工程統 包3 0% ,"5,077,143",,借,"165,065,924"
1470,未完工程及待驗設備 ,112/08/23,11208230002,3,A棟辦公大樓照明及開關?＆y 設備 ,"261,905",,借,"165,327,829"
2120,應付票據 ,112/08/23,11208230001,3,10/31FA6545264(駿帥) ,,"5,331,000",貸,"8,339,179"
2120,應付票據 ,112/08/23,11208230002,3,10/31FA6545263(駿帥) ,,"275,000",貸,"8,614,179"
2120,應付票據 ,112/08/23,11208230003,3,11/30FA6545277(非盈利) ,,"124,273",貸,"8,738,452"
5300,物料進料 ,112/08/23,11208230003,3,配管材料 ,"118,355",,借,"3,084,553"
1290,進項稅額 ,112/08/25,11208250001,3,,"12,040",,借,"934,986"
2120,應付票據 ,112/08/25,11208250001,3,9/30FA6545247(小明) ,,"252,829",貸,"8,991,281"
5300,物料進料 ,112/08/25,11208250001,3,角鐵.扁鐵等 ,"231,092",,借,"3,315,645"
5525,製-加工費 ,112/08/25,11208250001,3,切板.沖孔等工資 ,"9,697",,借,"604,442"
1290,進項稅額 ,112/08/26,11208260001,3,,"3,308",,借,"938,294"
2120,應付票據 ,112/08/26,11208260001,3,9/30FA6545251(晉楊) ,,"69,463",貸,"9,060,744"
5595,製-消耗品費 ,112/08/26,11208260001,3,五金材料等 ,"66,155",,借,"601,763"
1110,銀行存款 ,112/08/27,11208270002,3,合庫-雙和 ,"81,370",,借,"2,609,274"
1110,銀行存款 ,112/08/27,11208270002,3,匯費 ,,30,借,"2,609,244"
1110,銀行存款 ,112/08/27,11208270003,3,合庫-雙和 ,"5,000,000",,借,"7,609,244"
1240,其他預付款 ,112/08/27,11208270002,3,利息10%扣繳 ,"9,041",,借,"9,041"
1270,業主(股東)往來 ,112/08/27,11208270003,3,還款(惠民) ,,"5,000,000",借,0
1290,進項稅額 ,112/08/27,11208270001,3,,"1,246",,借,"939,540"
1840,裝修費 ,112/08/27,11208270001,3,油漆工程 ,"24,920",,借,"295,981"
2120,應付票據 ,112/08/27,11208270001,3,9/30FA6545254(住茗) ,,"26,166",貸,"9,086,910"
6230,其他費用 ,112/08/27,11208270002,3,匯費 ,30,,借,"774,913"
7040,利息收入 ,112/08/27,11208270002,3,,,"90,411",貸,"92,743"
1110,銀行存款 ,112/08/29,11208290001,3,合庫-雙和 ,,"5,477",借,"7,603,767"
1110,銀行存款 ,112/08/29,11208290002,3,合庫-雙和 ,,"21,019",借,"7,582,748"
1110,銀行存款 ,112/08/29,11208290003,3,合庫-雙和 ,,"3,802",借,"7,578,946"
1110,銀行存款 ,112/08/29,11208290004,3,合庫-雙和 ,,"2,913,389",借,"4,665,557"
1290,進項稅額 ,112/08/29,11208290001,3,,260,,借,"939,800"
1290,進項稅額 ,112/08/29,11208290002,3,,"1,001",,借,"940,801"
1290,進項稅額 ,112/08/29,11208290003,3,,182,,借,"940,983"
2120,應付票據 ,112/08/29,11208290004,3,富月.先鋒戰隊.小明.正辛等 ,"2,558,397",,貸,"6,528,513"
2120-001,其他應付票據 ,112/08/29,11208290004,3,台灣工銀 ,"354,992",,借,"1,943,477"
5514,製-郵電費 ,112/08/29,11208290001,3,觀音廠電話費 ,"5,217",,借,"10,555"
5518,製-水電瓦斯費 ,112/08/29,11208290002,3,觀音廠電費 ,"20,018",,借,"78,222"
6230,其他費用 ,112/08/29,11208290003,3,中興保全傳訊費108/7/31 -10 9/1/31 ,"3,620",,借,"778,533"
1290,進項稅額 ,112/08/30,11208300001,3,,"3,347",,借,"944,330"
1840,裝修費 ,112/08/30,11208300001,3,輕鋼架工程 ,"66,947",,借,"362,928"
2120,應付票據 ,112/08/30,11208300001,3,10/31FA6545270(超巨) ,,"70,294",貸,"6,598,807"
1290,進項稅額 ,112/09/02,11209020001,3,,"4,917",,借,"949,247"
1460,辦公設備 ,112/09/02,11209020001,3,冷氣一式 ,"98,333",,借,"712,571"
2120,應付票據 ,112/09/02,11209020001,3,10/31FA6545271(祥瑞) ,,"103,250",貸,"6,702,057"
1290,進項稅額 ,112/09/03,11209030001,3,,925,,借,"950,172"
2120,應付票據 ,112/09/03,11209030001,3,11/30FA6545288(銀隆倡) ,,"19,425",貸,"6,721,482"
5515,製-修繕費 ,112/09/03,11209030001,3,天車維修費 ,"18,500",,借,"105,914"
1110,銀行存款 ,112/09/04,11209040001,3,合庫-雙和 ,,"585,150",借,"4,080,407"
2115,銀行借款 ,112/09/04,11209040001,3,信保還款 ,"103,899",,貸,"144,527,195"
2115,銀行借款 ,112/09/04,11209040001,3,信保還款 ,"415,596",,貸,"144,111,599"
8010,利息支出 ,112/09/04,11209040001,3,信保利息 ,"13,131",,借,"2,370,445"
8010,利息支出 ,112/09/04,11209040001,3,信保利息 ,"52,524",,借,"2,422,969"
1110,銀行存款 ,112/09/05,11209050003,3,合庫-雙和 ,,"717,752",借,"3,362,655"
1110,銀行存款 ,112/09/05,11209050004,3,合庫-雙和 ,,"52,628",借,"3,310,027"
1110,銀行存款 ,112/09/05,11209050005,3,合庫-雙和 ,,"1,056",借,"3,308,971"
1110,銀行存款 ,112/09/05,11209050007,3,合庫-雙和2 ,,"1,189",借,"3,307,782"
1110,銀行存款 ,112/09/05,11209050008,3,合庫-雙和 ,,"47,139",借,"3,260,643"
1110,銀行存款 ,112/09/05,11209050009,3,合庫-雙和 ,,"25,020",借,"3,235,623"
1110,銀行存款 ,112/09/05,11209050010,3,合庫-雙和 ,,"18,415",借,"3,217,208"
1110,銀行存款 ,112/09/05,11209050011,3,合庫-雙和 ,,"338,865",借,"2,878,343"
1110,銀行存款 ,112/09/05,11209050012,3,合庫-雙和 ,,"15,780",借,"2,862,563"
1110,銀行存款 ,112/09/05,11209050013,3,合庫-雙和 ,,"71,030",借,"2,791,533"
1110,銀行存款 ,112/09/05,11209050014,3,合庫-雙和 ,,280,借,"2,791,253"
1110,銀行存款 ,112/09/05,11209050015,3,合庫-雙和 ,,"31,530",借,"2,759,723"
1110,銀行存款 ,112/09/05,11209050016,3,合庫-雙和 ,,"43,290",借,"2,716,433"
1210,預付費用 ,112/09/05,11209050013,3,沖預付款訂金 ,,"70,000",借,"4,545,971"
1290,進項稅額 ,112/09/05,11209050001,3,,"47,190",,借,"997,362"
1290,進項稅額 ,112/09/05,11209050004,3,,"2,432",,借,"999,794"
1290,進項稅額 ,112/09/05,11209050008,3,,445,,借,"1,000,239"
1290,進項稅額 ,112/09/05,11209050009,3,,"1,150",,借,"1,001,389"
1290,進項稅額 ,112/09/05,11209050010,3,,876,,借,"1,002,265"
1290,進項稅額 ,112/09/05,11209050011,3,,"16,135",,借,"1,018,400"
1290,進項稅額 ,112/09/05,11209050012,3,,750,,借,"1,019,150"
1290,進項稅額 ,112/09/05,11209050013,3,,"6,714",,借,"1,025,864"
1290,進項稅額 ,112/09/05,11209050015,3,,"1,500",,借,"1,027,364"
1290,進項稅額 ,112/09/05,11209050016,3,,"2,060",,借,"1,029,424"
1460,辦公設備 ,112/09/05,11209050013,3,OA辦公家具及沙發 ,"134,286",,借,"846,857"
1470,未完工程及待驗設備 ,112/09/05,11209050001,3,工程款(使照取得10%) ,"943,810",,借,"166,271,639"
1470,未完工程及待驗設備 ,112/09/05,11209050002,3,第五期進度款10%及使照?o 10% ,"181,175",,借,"166,452,814"
1840,裝修費 ,112/09/05,11209050016,3,中控室高架地板 ,"41,200",,借,"404,128"
2120,應付票據 ,112/09/05,11209050001,3,10/31FA6545272(又勝) ,,"991,000",貸,"7,712,482"
2120,應付票據 ,112/09/05,11209050002,3,10/31FA6545273(ABCD律師事務所) ,,"163,057",貸,"7,875,539"
2990,代收款項 ,112/09/05,11209050002,3,10%扣繳 ,,"18,118",貸,"50,422"
2990,代收款項 ,112/09/05,11209050003,3,8月份勞.健自付 ,,"11,658",貸,"62,080"
5502,製-間接人工 ,112/09/05,11209050011,3,北海人力-臨時工資 ,"322,700",,借,"1,530,000"
5502,製-間接人工 ,112/09/05,11209050012,3,大億人力-臨時工資 ,"15,000",,借,"1,545,000"
5524,製-燃料費 ,112/09/05,11209050004,3,發電機用油 ,"41,639",,借,"164,448"
5595,製-消耗品費 ,112/09/05,11209050004,3,石棉編織帶等 ,"7,017",,借,"608,780"
5595,製-消耗品費 ,112/09/05,11209050010,3,螺絲 ,"17,509",,借,"626,289"
5620,製-其他費用 ,112/09/05,11209050009,3,挖土及清理管路等 ,"23,000",,借,"23,000"
6010,薪資支出 ,112/09/05,11209050003,3,8月份薪資 ,"566,000",,借,"5,365,000"
6010,薪資支出 ,112/09/05,11209050003,3,8月份部分薪資 ,"180,000",,借,"5,545,000"
6010,薪資支出 ,112/09/05,11209050003,3,蔡千成請假扣款 ,,"16,920",借,"5,528,080"
6040,旅費 ,112/09/05,11209050005,3,油資補貼(何) ,"1,056",,借,"179,371"
6040,旅費 ,112/09/05,11209050007,3,油資補貼(林) ,"1,189",,借,"180,560"
6060,郵電費 ,112/09/05,11209050014,3,中和辦公室電話費 ,280,,借,"2,149"
6230,其他費用 ,112/09/05,11209050003,3,匯費 ,330,,借,"778,863"
6230,其他費用 ,112/09/05,11209050004,3,金紙.香 ,"1,540",,借,"780,403"
6230,其他費用 ,112/09/05,11209050008,3,水泥砂.遙控器等 ,"8,880",,借,"789,283"
6230,其他費用 ,112/09/05,11209050008,3,員工餐費及拜拜什支等 ,"37,814",,借,"827,097"
6230,其他費用 ,112/09/05,11209050009,3,電腦背包及什支 ,870,,借,"827,967"
6230,其他費用 ,112/09/05,11209050010,3,匯費 ,30,,借,"827,997"
6230,其他費用 ,112/09/05,11209050011,3,匯費 ,30,,借,"828,027"
6230,其他費用 ,112/09/05,11209050012,3,匯費 ,30,,借,"828,057"
6230,其他費用 ,112/09/05,11209050013,3,匯費 ,30,,借,"828,087"
6230,其他費用 ,112/09/05,11209050015,3,中興保全服務費108/8/1- 109 /1/31 ,"30,000",,借,"858,087"
6230,其他費用 ,112/09/05,11209050015,3,匯費 ,30,,借,"858,117"
6230,其他費用 ,112/09/05,11209050016,3,匯費 ,30,,借,"858,147"
1110,銀行存款 ,112/09/09,11209090001,3,合庫-雙和 ,,"95,126",借,"2,621,307"
1290,進項稅額 ,112/09/09,11209090002,3,,"1,000",,借,"1,030,424"
2120,應付票據 ,112/09/09,11209090002,3,12/31FA6545300(義舜) ,,"21,000",貸,"7,896,539"
5525,製-加工費 ,112/09/09,11209090002,3,噴砂.噴漆 ,"20,000",,借,"624,442"
8010,利息支出 ,112/09/09,11209090001,3,廠融貸款 ,"95,126",,借,"2,518,095"
1290,進項稅額 ,112/09/10,11209100001,3,,770,,借,"1,031,194"
1290,進項稅額 ,112/09/10,11209100002,3,,"1,085",,借,"1,032,279"
2120,應付票據 ,112/09/10,11209100001,3,11/30FA6545276(薏仁) ,,"16,170",貸,"7,912,709"
2120,應付票據 ,112/09/10,11209100002,3,11/30FA6545274(寶銨) ,,"22,785",貸,"7,935,494"
5300,物料進料 ,112/09/10,11209100002,3,法蘭及大小頭等 ,"21,700",,借,"3,337,345"
5595,製-消耗品費 ,112/09/10,11209100001,3,切割零件及火口等 ,"15,400",,借,"641,689"
1290,進項稅額 ,112/09/11,11209110001,3,108/7-8月 ,,"536,454",借,"495,825"
1295,留抵稅額 ,112/09/11,11209110001,3,108/5-6月 ,,"9,540,833",借,0
1295,留抵稅額 ,112/09/11,11209110001,3,108/7-8月 ,"10,077,287",,借,"10,077,287"
1290,進項稅額 ,112/09/12,11209120001,3,,917,,借,"496,742"
2120,應付票據 ,112/09/12,11209120001,3,12/31FA6545295 ,,"19,257",貸,"7,954,751"
5595,製-消耗品費 ,112/09/12,11209120001,3,焊條等 ,"18,340",,借,"660,029"
1110,銀行存款 ,112/09/16,11209160002,3,合庫-雙和 ,,"140,625",借,"2,480,682"
1290,進項稅額 ,112/09/16,11209160001,3,,225,,借,"496,967"
2120,應付票據 ,112/09/16,11209160001,3,11/30FA6545280(先鋒戰隊) ,,"4,725",貸,"7,959,476"
6230,其他費用 ,112/09/16,11209160001,3,垃圾清運費9月份 ,"4,500",,借,"862,647"
8010,利息支出 ,112/09/16,11209160002,3,土地貸款利息 ,"140,625",,借,"2,658,720"
1290,進項稅額 ,112/09/17,11209170001,3,,160,,借,"497,127"
2120,應付票據 ,112/09/17,11209170001,3,10/31FA6545268(正辛) ,,"3,357",貸,"7,962,833"
6030,文具用品 ,112/09/17,11209170001,3,影印費9月份 ,"3,197",,借,"29,575"
1290,進項稅額 ,112/09/18,11209180001,3,,"57,750",,借,"554,877"
1470,未完工程及待驗設備 ,112/09/18,11209180001,3,設備排氣管線製造安裝材 料 款30% ,"1,155,000",,借,"167,607,814"
2120,應付票據 ,112/09/18,11209180001,3,11/30FA ,,"1,212,750",貸,"9,175,583"
1290,進項稅額 ,112/09/19,11209190001,3,,"10,000",,借,"564,877"
2120,應付票據 ,112/09/19,11209190001,3,11/30FA6545275(厚片) ,,"210,000",貸,"9,385,583"
5620,製-其他費用 ,112/09/19,11209190001,3,煙囪鋼構架及出料車平台 設 計及簽證費 ,"200,000",,借,"223,000"
1110,銀行存款 ,112/09/20,11209200001,3,合庫-雙和 ,,"21,200",借,"2,459,482"
1110,銀行存款 ,112/09/20,11209200002,3,合庫-雙和 ,,"133,172",借,"2,326,310"
1110,銀行存款 ,112/09/20,11209200003,3,合庫-雙和 ,,"15,132",借,"2,311,178"
1110,銀行存款 ,112/09/20,11209200004,3,合庫-雙和 ,,161,借,"2,311,017"
1110,銀行存款 ,112/09/20,11209200005,3,合庫-雙和 ,,"6,190",借,"2,304,827"
1110,銀行存款 ,112/09/20,11209200006,3,合庫-雙和 ,,"25,456",借,"2,279,371"
1110,銀行存款 ,112/09/20,11209200007,3,合庫-雙和 ,,"5,580",借,"2,273,791"
1110,銀行存款 ,112/09/20,11209200008,3,合庫-雙和 ,,"125,030",借,"2,148,761"
1210,預付費用 ,112/09/20,11209200008,3,實驗室50%訂金 ,"125,000",,借,"4,670,971"
1290,進項稅額 ,112/09/20,11209200006,3,,"1,212",,借,"566,089"
1290,進項稅額 ,112/09/20,11209200007,3,,266,,借,"566,355"
2990,代收款項 ,112/09/20,11209200002,3,7月份勞.健保自付 ,"11,658",,貸,"50,422"
5514,製-郵電費 ,112/09/20,11209200007,3,觀音廠電話及網路費 ,"5,314",,借,"15,869"
5518,製-水電瓦斯費 ,112/09/20,11209200006,3,觀音廠電費 ,"24,244",,借,"102,466"
6040,旅費 ,112/09/20,11209200001,3,8月份油資補貼 ,"21,200",,借,"201,760"
6080,廣告費 ,112/09/20,11209200005,3,人事刊登費 ,"6,190",,借,"16,180"
6100,保險費 ,112/09/20,11209200002,3,7月份勞退金 ,"30,675",,借,"596,450"
6100,保險費 ,112/09/20,11209200002,3,7月份勞.健保 ,"73,530",,借,"669,980"
6100,保險費 ,112/09/20,11209200002,3,108年健保補繳 ,"17,309",,借,"687,289"
6230,其他費用 ,112/09/20,11209200003,3,9月份園區管理費 ,"15,132",,借,"877,779"
6230,其他費用 ,112/09/20,11209200004,3,勞保滯納金 ,161,,借,"877,940"
6230,其他費用 ,112/09/20,11209200008,3,匯費 ,30,,借,"877,970"
1290,進項稅額 ,112/09/22,11209220001,3,,692,,借,"567,047"
2120,應付票據 ,112/09/22,11209220001,3,12/31FA6545298(裕宏) ,,"14,532",貸,"9,400,115"
5525,製-加工費 ,112/09/22,11209220001,3,風門零件加工 ,"13,840",,借,"638,282"
1110,銀行存款 ,112/09/23,11209230001,3,合庫-雙和 ,"4,770,000",,借,"6,918,761"
2115,銀行借款 ,112/09/23,11209230001,3,廠融放款 ,,"4,770,000",貸,"148,881,599"
1290,進項稅額 ,112/09/25,11209250001,3,,"26,537",,借,"593,584"
1290,進項稅額 ,112/09/25,11209250002,3,,"8,288",,借,"601,872"
1290,進項稅額 ,112/09/25,11209250003,3,,300,,借,"602,172"
2120,應付票據 ,112/09/25,11209250001,3,10/31FA6545267(小明) ,,"557,288",貸,"9,957,403"
2120,應付票據 ,112/09/25,11209250002,3,12/31FA6545296(非盈利) ,,"174,055",貸,"10,131,458"
2120,應付票據 ,112/09/25,11209250003,3,11/30FA6545291(立正) ,,"6,300",貸,"10,137,758"
5300,物料進料 ,112/09/25,11209250001,3,鐵板.H型鋼等 ,"453,973",,借,"3,791,318"
5300,物料進料 ,112/09/25,11209250002,3,配管材料等 ,"165,767",,借,"3,957,085"
5525,製-加工費 ,112/09/25,11209250001,3,捲圓.切板工資等 ,"76,778",,借,"715,060"
5525,製-加工費 ,112/09/25,11209250003,3,鑽孔工程 ,"6,000",,借,"721,060"
1110,銀行存款 ,112/09/27,11209270002,3,合庫-雙和 ,,"4,446,094",借,"2,472,667"
1290,進項稅額 ,112/09/27,11209270001,3,,"4,601",,借,"606,773"
2120,應付票據 ,112/09/27,11209270001,3,10/31FA6545269(晉楊) ,,"96,617",貸,"10,234,375"
2120,應付票據 ,112/09/27,11209270002,3,義舜.先鋒戰隊.磁鐵.駿帥等 ,"4,091,102",,貸,"6,143,273"
2120-001,其他應付票據 ,112/09/27,11209270002,3,台灣工銀 ,"354,992",,借,"2,298,469"
5595,製-消耗品費 ,112/09/27,11209270001,3,五金材料等 ,"92,016",,借,"752,045"
1290,進項稅額 ,112/09/28,11209280001,3,,"1,400",,借,"608,173"
1290,進項稅額 ,112/09/28,11209280002,3,,423,,借,"608,596"
2120,應付票據 ,112/09/28,11209280001,3,11/30FA6545283(宏軒) ,,"29,400",貸,"6,172,673"
2120,應付票據 ,112/09/28,11209280002,3,11/30FA6545289(立春) ,,"8,873",貸,"6,181,546"
5595,製-消耗品費 ,112/09/28,11209280002,3,油漆材料 ,"8,450",,借,"760,495"
6230,其他費用 ,112/09/28,11209280001,3,玻璃(中央控制室) ,"28,000",,借,"905,970"
1290,進項稅額 ,112/09/30,11209300001,3,,316,,借,"608,912"
2120,應付票據 ,112/09/30,11209300001,3,11/30FA6545284(銀器) ,,"6,632",貸,"6,188,178"
5300,物料進料 ,112/09/30,11209300001,3,汽缸加配件等 ,"6,316",,借,"3,963,401"
1290,進項稅額 ,112/10/01,11210010001,3,,"1,524",,借,"610,436"
1290,進項稅額 ,112/10/01,11210010002,3,,"253,857",,借,"864,293"
1470,未完工程及待驗設備 ,112/10/01,11210010002,3,設計圖審及配電統包(第?T次 計價) ,"5,077,143",,借,"172,684,957"
1940,未攤銷費用 ,112/10/01,11210010001,3,橫是百葉窗 ,"30,476",,借,"130,322"
2120,應付票據 ,112/10/01,11210010001,3,11/30FA6545290(近欣) ,,"32,000",貸,"6,220,178"
2120,應付票據 ,112/10/01,11210010002,3,2/28FA6572922(駿帥) ,,"5,331,000",貸,"11,551,178"
1110,銀行存款 ,112/10/02,11210020001,3,合庫-雙和 ,"2,952,000",,借,"5,424,667"
1290,進項稅額 ,112/10/02,11210020002,3,,375,,借,"864,668"
2115,銀行借款 ,112/10/02,11210020001,3,廠融放款 ,,"2,952,000",貸,"151,833,599"
2120,應付票據 ,112/10/02,11210020002,3,12/31FA6545297 ,,"7,875",貸,"11,559,053"
5595,製-消耗品費 ,112/10/02,11210020002,3,氬焊槍等 ,"7,500",,借,"767,995"
1110,銀行存款 ,112/10/04,11210040001,3,合庫-雙和 ,,"117,030",借,"5,307,637"
1110,銀行存款 ,112/10/04,11210040002,3,合庫-雙和 ,,"468,120",借,"4,839,517"
2115,銀行借款 ,112/10/04,11210040001,3,信保還款 ,"104,137",,貸,"151,729,462"
2115,銀行借款 ,112/10/04,11210040002,3,信保還款 ,"416,548",,貸,"151,312,914"
8010,利息支出 ,112/10/04,11210040001,3,信保利息 ,"12,893",,借,"2,671,613"
8010,利息支出 ,112/10/04,11210040002,3,信保利息 ,"51,572",,借,"2,723,185"
1110,銀行存款 ,112/10/05,11210050001,3,合庫-雙和 ,,"738,050",借,"4,101,467"
1110,銀行存款 ,112/10/05,11210050002,3,合庫-雙和 ,,"55,124",借,"4,046,343"
1110,銀行存款 ,112/10/05,11210050003,3,合庫-雙和 ,,504,借,"4,045,839"
1110,銀行存款 ,112/10/05,11210050004,3,合庫-雙和 ,,"44,924",借,"4,000,915"
1110,銀行存款 ,112/10/05,11210050005,3,合庫-雙和 ,,"16,275",借,"3,984,640"
1110,銀行存款 ,112/10/05,11210050006,3,合庫-雙和 ,,"4,450",借,"3,980,190"
1110,銀行存款 ,112/10/05,11210050007,3,合庫-雙和 ,,"536,055",借,"3,444,135"
1110,銀行存款 ,112/10/05,11210050008,3,合庫-雙和 ,,280,借,"3,443,855"
1110,銀行存款 ,112/10/05,11210050009,3,合庫-雙和 ,,"1,212,780",借,"2,231,075"
1110,銀行存款 ,112/10/05,11210050010,3,合庫-雙和 ,,"507,030",借,"1,724,045"
1110,銀行存款 ,112/10/05,11210050011,3,合庫-雙和 ,,"270,030",借,"1,454,015"
1290,進項稅額 ,112/10/05,11210050002,3,,"2,624",,借,"867,292"
1290,進項稅額 ,112/10/05,11210050005,3,,775,,借,"868,067"
1290,進項稅額 ,112/10/05,11210050006,3,,210,,借,"868,277"
1290,進項稅額 ,112/10/05,11210050007,3,,"25,525",,借,"893,802"
1290,進項稅額 ,112/10/05,11210050009,3,,"57,750",,借,"951,552"
1290,進項稅額 ,112/10/05,11210050010,3,,"24,143",,借,"975,695"
1290,進項稅額 ,112/10/05,11210050011,3,,"12,857",,借,"988,552"
1470,未完工程及待驗設備 ,112/10/05,11210050009,3,設備排氣管線製造安裝訂 金 款30% ,"1,155,000",,借,"173,839,957"
1470,未完工程及待驗設備 ,112/10/05,11210050010,3,分析檢測設備及配件組訂 金3 0% ,"482,857",,借,"174,322,814"
1470,未完工程及待驗設備 ,112/10/05,11210050011,3,分析儀訂金30% ,"257,143",,借,"174,579,957"
1940,未攤銷費用 ,112/10/05,11210050005,3,自動洗車機 ,"15,500",,借,"145,822"
2990,代收款項 ,112/10/05,11210050001,3,9月份勞.健保自付 ,,"11,658",貸,"62,080"
5502,製-間接人工 ,112/10/05,11210050007,3,北海人力-臨時工資 ,"510,500",,借,"2,055,500"
5524,製-燃料費 ,112/10/05,11210050002,3,發電機用油 ,"52,382",,借,"216,830"
5595,製-消耗品費 ,112/10/05,11210050002,3,封口等 ,118,,借,"768,113"
5595,製-消耗品費 ,112/10/05,11210050006,3,螺絲 ,"4,210",,借,"772,323"
6010,薪資支出 ,112/10/05,11210050001,3,9月份薪資 ,"570,878",,借,"6,098,958"
6010,薪資支出 ,112/10/05,11210050001,3,9月份部分薪資 ,"180,000",,借,"6,278,958"
6010,薪資支出 ,112/10/05,11210050001,3,游祥龍請假扣款 ,,"1,500",借,"6,277,458"
6040,旅費 ,112/10/05,11210050003,3,油資補貼(何) ,504,,借,"202,264"
6060,郵電費 ,112/10/05,11210050008,3,中和辦公室電話費 ,280,,借,"2,429"
6230,其他費用 ,112/10/05,11210050001,3,匯匯 ,330,,借,"906,300"
6230,其他費用 ,112/10/05,11210050004,3,電風扇及小型冰箱.腳踏?埽?,"10,460",,借,"916,760"
6230,其他費用 ,112/10/05,11210050004,3,員工餐費及拜拜什支等 ,"34,464",,借,"951,224"
6230,其他費用 ,112/10/05,11210050006,3,匯費 ,30,,借,"951,254"
6230,其他費用 ,112/10/05,11210050007,3,匯費 ,30,,借,"951,284"
6230,其他費用 ,112/10/05,11210050009,3,匯費 ,30,,借,"951,314"
6230,其他費用 ,112/10/05,11210050010,3,匯費 ,30,,借,"951,344"
6230,其他費用 ,112/10/05,11210050011,3,匯費 ,30,,借,"951,374"
1290,進項稅額 ,112/10/08,11210080001,3,,"19,748",,借,"1,008,300"
2120,應付票據 ,112/10/08,11210080001,3,11/30FA6545287(股紘) ,,"414,698",貸,"11,973,751"
5300,物料進料 ,112/10/08,11210080001,3,保溫工程 ,"394,950",,借,"4,358,351"
1110,銀行存款 ,112/10/09,11210090001,3,合庫-雙和 ,,"102,399",借,"1,351,616"
8010,利息支出 ,112/10/09,11210090001,3,廠融貸款 ,"102,399",,借,"2,825,584"
1290,進項稅額 ,112/10/12,11210120001,3,,"5,112",,借,"1,013,412"
1460,辦公設備 ,112/10/12,11210120001,3,冷氣一批 ,"102,238",,借,"949,095"
2120,應付票據 ,112/10/12,11210120001,3,11/30FA6545285(祥瑞) ,,"107,350",貸,"12,081,101"
1110,銀行存款 ,112/10/14,11210140001,3,合庫-雙和 ,,"140,625",借,"1,210,991"
1290,進項稅額 ,112/10/14,11210140002,3,,181,,借,"1,013,593"
1290,進項稅額 ,112/10/14,11210140003,3,,900,,借,"1,014,493"
1290,進項稅額 ,112/10/14,11210140004,3,,"57,750",,借,"1,072,243"
1470,未完工程及待驗設備 ,112/10/14,11210140004,3,設備排氣管線製造安裝30 % ,"1,155,000",,借,"175,734,957"
2120,應付票據 ,112/10/14,11210140002,3,11/30FA6528700(正辛) ,,"3,801",貸,"12,084,902"
2120,應付票據 ,112/10/14,11210140003,3,11/30FA6545286(陳傑) ,,"18,900",貸,"12,103,802"
2120,應付票據 ,112/10/14,11210140004,3,12/31FA6528698(鎧甲) ,,"1,212,750",貸,"13,316,552"
6030,文具用品 ,112/10/14,11210140002,3,影印費(10月份) ,"3,620",,借,"33,195"
6230,其他費用 ,112/10/14,11210140003,3,鷹架工程 ,"18,000",,借,"969,374"
8010,利息支出 ,112/10/14,11210140001,3,土地貸款利息 ,"140,625",,借,"2,966,209"
1120,應收票據 ,112/10/15,11210150002,3,關係人實業 ,"840,000",,借,"840,000"
1290,進項稅額 ,112/10/15,11210150001,3,,375,,借,"1,072,618"
2120,應付票據 ,112/10/15,11210150001,3,12/31FA6545294(先鋒戰隊) ,,"7,875",貸,"13,324,427"
2290,銷項稅額 ,112/10/15,11210150002,3,,,"40,000",貸,"40,000"
4103,工程收入 ,112/10/15,11210150002,3,乾燥機及其外圍有關污泥 碳 化輸送及煙塵防治設備安 裝 款50% ,,"800,000",貸,"800,000"
6230,其他費用 ,112/10/15,11210150001,3,垃圾清運費(10月份) ,"7,500",,借,"976,874"
1290,進項稅額 ,112/10/16,11210160001,3,,"5,681",,借,"1,078,299"
1940,未攤銷費用 ,112/10/16,11210160001,3,電腦設備一批 ,"118,200",,借,"264,022"
2120,應付票據 ,112/10/16,11210160001,3,11/30FA6545293(駿帥) ,,"123,881",貸,"13,448,308"
1290,進項稅額 ,112/10/17,11210170001,3,,"1,663",,借,"1,079,962"
2120,應付票據 ,112/10/17,11210170001,3,1/31FA6572912(富月) ,,"34,923",貸,"13,483,231"
5595,製-消耗品費 ,112/10/17,11210170001,3,焊條五金等 ,"33,260",,借,"805,583"
1110,銀行存款 ,112/10/21,11210210001,3,合庫-雙和 ,,"21,200",借,"1,189,791"
1110,銀行存款 ,112/10/21,11210210002,3,合庫-雙和 ,,"103,422",借,"1,086,369"
1110,銀行存款 ,112/10/21,11210210003,3,合庫-雙和 ,,176,借,"1,086,193"
1110,銀行存款 ,112/10/21,11210210004,3,合庫-雙和 ,,"23,628",借,"1,062,565"
1110,銀行存款 ,112/10/21,11210210005,3,合庫-雙和 ,,"5,294",借,"1,057,271"
1110,銀行存款 ,112/10/21,11210210006,3,合庫-雙和 ,,"63,030",借,"994,241"
1110,銀行存款 ,112/10/21,11210210007,3,合庫-雙和 ,,"99,225",借,"895,016"
1110,銀行存款 ,112/10/21,11210210008,3,合庫-雙和 ,,"15,132",借,"879,884"
1290,進項稅額 ,112/10/21,11210210004,3,,"1,084",,借,"1,081,046"
1290,進項稅額 ,112/10/21,11210210005,3,,252,,借,"1,081,298"
1290,進項稅額 ,112/10/21,11210210006,3,,"3,000",,借,"1,084,298"
1290,進項稅額 ,112/10/21,11210210007,3,,"4,725",,借,"1,089,023"
1290,進項稅額 ,112/10/21,11210210009,3,,397,,借,"1,089,420"
1940,未攤銷費用 ,112/10/21,11210210006,3,不鏽鋼門 ,"60,000",,借,"324,022"
2120,應付票據 ,112/10/21,11210210009,3,12/31FA6572908(立春) ,,"8,327",貸,"13,491,558"
2990,代收款項 ,112/10/21,11210210002,3,8月份勞.健保自付 ,"11,658",,貸,"50,422"
5514,製-郵電費 ,112/10/21,11210210005,3,觀音廠電話費 ,"5,042",,借,"20,911"
5518,製-水電瓦斯費 ,112/10/21,11210210004,3,觀音廠水費 ,"4,276",,借,"106,742"
5518,製-水電瓦斯費 ,112/10/21,11210210004,3,觀音廠電費 ,"18,268",,借,"125,010"
5595,製-消耗品費 ,112/10/21,11210210009,3,油漆材料一批 ,"7,930",,借,"813,513"
5620,製-其他費用 ,112/10/21,11210210007,3,灌漿及挖土機作業等 ,"94,500",,借,"317,500"
6040,旅費 ,112/10/21,11210210001,3,9月份油資補貼 ,"21,200",,借,"223,464"
6100,保險費 ,112/10/21,11210210002,3,8月份勞退金 ,"30,820",,借,"718,109"
6100,保險費 ,112/10/21,11210210002,3,8月份勞.健保費 ,"60,944",,借,"779,053"
6230,其他費用 ,112/10/21,11210210003,3,勞保滯納金 ,176,,借,"977,050"
6230,其他費用 ,112/10/21,11210210006,3,匯費 ,30,,借,"977,080"
6230,其他費用 ,112/10/21,11210210008,3,10月份園區管理費 ,"15,132",,借,"992,212"
1290,進項稅額 ,112/10/22,11210220001,3,,"1,000",,借,"1,090,420"
2120,應付票據 ,112/10/22,11210220001,3,1/31FA6572911(義舜) ,,"21,000",貸,"13,512,558"
5525,製-加工費 ,112/10/22,11210220001,3,噴漆 ,"20,000",,借,"741,060"
1110,銀行存款 ,112/10/23,11210230001,3,信保撥款 ,"12,800,000",,借,"13,679,884"
1110,銀行存款 ,112/10/23,11210230001,3,合庫-雙和 ,,"188,815",借,"13,491,069"
2115,銀行借款 ,112/10/23,11210230001,3,信保借款 ,,"12,800,000",貸,"164,112,914"
6230,其他費用 ,112/10/23,11210230001,3,信保手續費 ,"158,535",,借,"1,150,747"
6230,其他費用 ,112/10/23,11210230001,3,合庫手續費 ,"30,000",,借,"1,180,747"
6230,其他費用 ,112/10/23,11210230001,3,匯費23.25(板信) ,280,,借,"1,181,027"
1290,進項稅額 ,112/10/24,11210240001,3,,"11,667",,借,"1,102,087"
1290,進項稅額 ,112/10/24,11210240002,3,,345,,借,"1,102,432"
1470,未完工程及待驗設備 ,112/10/24,11210240001,3,監控系統新增設備安裝及 整 合測試70% ,"233,333",,借,"175,968,290"
2120,應付票據 ,112/10/24,11210240001,3,12/31FA6545299(旺仔) ,,"245,000",貸,"13,757,558"
2120,應付票據 ,112/10/24,11210240002,3,1/31FA6572910(先鋒戰隊) ,,"7,245",貸,"13,764,803"
6230,其他費用 ,112/10/24,11210240002,3,垃圾清運費(11月) ,"6,900",,借,"1,187,927"
1290,進項稅額 ,112/10/25,11210250001,3,,"23,483",,借,"1,125,915"
1290,進項稅額 ,112/10/25,11210250002,3,,"2,404",,借,"1,128,319"
1290,進項稅額 ,112/10/25,11210250003,3,,"2,493",,借,"1,130,812"
1290,進項稅額 ,112/10/25,11210250004,3,,"5,952",,借,"1,136,764"
1290,進項稅額 ,112/10/25,11210250005,3,,"12,857",,借,"1,149,621"
1470,未完工程及待驗設備 ,112/10/25,11210250004,3,焚化爐中控室電氣工程 ,"119,048",,借,"176,087,338"
1470,未完工程及待驗設備 ,112/10/25,11210250005,3,排煙監視系統CEMS現場配 線 管工程30% ,"257,143",,借,"176,344,481"
2120,應付票據 ,112/10/25,11210250001,3,11/30FA6529699(小明) ,,"493,145",貸,"14,257,948"
2120,應付票據 ,112/10/25,11210250002,3,11/30FA6545282(晉楊) ,,"50,489",貸,"14,308,437"
2120,應付票據 ,112/10/25,11210250003,3,1/31FA6572913(非盈利) ,,"52,362",貸,"14,360,799"
2120,應付票據 ,112/10/25,11210250004,3,1/31FA6572920 ,,"125,000",貸,"14,485,799"
2120,應付票據 ,112/10/25,11210250005,3,1/31FA6572921(駿帥) ,,"270,000",貸,"14,755,799"
5300,物料進料 ,112/10/25,11210250001,3,扁鐵.角鐵等 ,"460,653",,借,"4,819,004"
5300,物料進料 ,112/10/25,11210250003,3,配管材料等 ,"49,869",,借,"4,868,873"
5525,製-加工費 ,112/10/25,11210250001,3,沖孔.壓板.切版工資 ,"9,009",,借,"750,069"
5595,製-消耗品費 ,112/10/25,11210250002,3,五金用品等 ,"48,085",,借,"861,598"
1110,銀行存款 ,112/10/29,11210290001,3,合庫-雙和 ,,"18,118",借,"13,472,951"
1110,銀行存款 ,112/10/29,11210290002,3,合庫-雙和 ,,"200,030",借,"13,272,921"
1110,銀行存款 ,112/10/29,11210290003,3,合庫-雙和 ,,"57,780",借,"13,215,141"
1110,銀行存款 ,112/10/29,11210290004,3,合庫-雙和 ,,"8,604,751",借,"4,610,390"
1210,預付費用 ,112/10/29,11210290002,3,中油通氣預付款 ,"200,000",,借,"4,870,971"
1290,進項稅額 ,112/10/29,11210290003,3,,"2,750",,借,"1,152,371"
1940,未攤銷費用 ,112/10/29,11210290003,3,投影機及布幕 ,"55,000",,借,"379,022"
2120,應付票據 ,112/10/29,11210290004,3,先鋒戰隊.義舜.亦荃.富月.豪 威 等 ,"8,249,759",,貸,"6,506,040"
2120-001,其他應付票據 ,112/10/29,11210290004,3,台灣工銀 ,"354,992",,借,"2,653,461"
2990,代收款項 ,112/10/29,11210290001,3,傅宏紀10%扣繳 ,"18,118",,貸,"32,304"
6230,其他費用 ,112/10/29,11210290002,3,匯費 ,30,,借,"1,187,957"
6230,其他費用 ,112/10/29,11210290003,3,匯費 ,30,,借,"1,187,987"
1290,進項稅額 ,112/10/30,11210300001,3,,"3,095",,借,"1,155,466"
2120,應付票據 ,112/10/30,11210300001,3,11/30FA6545292(宏順) ,,"65,000",貸,"6,571,040"
6230,其他費用 ,112/10/30,11210300001,3,電源及排水配置 ,"61,905",,借,"1,249,892"
1110,銀行存款 ,112/11/04,11211040001,3,合庫-雙和 ,,"487,720",借,"4,122,670"
1110,銀行存款 ,112/11/04,11211040002,3,合庫-雙和 ,,"121,930",借,"4,000,740"
1110,銀行存款 ,112/11/04,11211040003,3,合庫-雙和 ,,"723,621",借,"3,277,119"
1110,銀行存款 ,112/11/04,11211040004,3,合庫-雙和 ,,"16,800",借,"3,260,319"
1110,銀行存款 ,112/11/04,11211040005,3,合庫-雙和 ,,"547,880",借,"2,712,439"
1110,銀行存款 ,112/11/04,11211040006,3,合庫-雙和 ,,280,借,"2,712,159"
1110,銀行存款 ,112/11/04,11211040007,3,合庫-雙和 ,,"700,030",借,"2,012,129"
1110,銀行存款 ,112/11/04,11211040008,3,合庫-雙和 ,,886,借,"2,011,243"
1110,銀行存款 ,112/11/04,11211040009,3,合庫-雙和 ,,"70,338",借,"1,940,905"
1110,銀行存款 ,112/11/04,11211040010,3,合庫-雙和 ,,"55,172",借,"1,885,733"
1240,其他預付款 ,112/11/04,11211040007,3,長鴻興預付款 ,"700,000",,借,"709,041"
1290,進項稅額 ,112/11/04,11211040005,3,,"23,082",,借,"1,178,548"
1290,進項稅額 ,112/11/04,11211040006,3,,13,,借,"1,178,561"
1290,進項稅額 ,112/11/04,11211040009,3,,"3,424",,借,"1,181,985"
2115,銀行借款 ,112/11/04,11211040001,3,信保還款 ,"436,280",,貸,"163,676,634"
2115,銀行借款 ,112/11/04,11211040002,3,信保還款 ,"109,070",,貸,"163,567,564"
2990,代收款項 ,112/11/04,11211040003,3,10月份勞.健保自付 ,,"14,789",貸,"47,093"
5400,直接人工 ,112/11/04,11211040004,3,點工工資 ,"16,800",,借,"16,800"
5502,製-間接人工 ,112/11/04,11211040005,3,臨工工資 ,"449,600",,借,"2,505,100"
5515,製-修繕費 ,112/11/04,11211040009,3,電動工具修繕 ,"2,000",,借,"107,914"
5524,製-燃料費 ,112/11/04,11211040009,3,發電機用油 ,"60,714",,借,"277,544"
5595,製-消耗品費 ,112/11/04,11211040005,3,螺絲 ,"12,038",,借,"873,636"
5595,製-消耗品費 ,112/11/04,11211040009,3,管線.五金等 ,"4,200",,借,"877,836"
6010,薪資支出 ,112/11/04,11211040003,3,10月份部份薪資 ,"180,000",,借,"6,457,458"
6010,薪資支出 ,112/11/04,11211040003,3,10月份薪資 ,"564,660",,借,"7,022,118"
6010,薪資支出 ,112/11/04,11211040003,3,請假扣款 ,,"6,550",借,"7,015,568"
6030,文具用品 ,112/11/04,11211040010,3,文具.影印紙等 ,"4,879",,借,"38,074"
6040,旅費 ,112/11/04,11211040008,3,油資補貼(何) ,886,,借,"224,350"
6060,郵電費 ,112/11/04,11211040006,3,中和辦公室電話 ,267,,借,"2,696"
6230,其他費用 ,112/11/04,11211040003,3,匯費 ,300,,借,"1,250,192"
6230,其他費用 ,112/11/04,11211040005,3,台電禮金 ,"34,000",,借,"1,284,192"
6230,其他費用 ,112/11/04,11211040005,3,土地公安座費用等 ,"29,100",,借,"1,313,292"
6230,其他費用 ,112/11/04,11211040005,3,匯費 ,60,,借,"1,313,352"
6230,其他費用 ,112/11/04,11211040007,3,匯費 ,30,,借,"1,313,382"
6230,其他費用 ,112/11/04,11211040010,3,郵資.遙控器等 ,"14,199",,借,"1,327,581"
6230,其他費用 ,112/11/04,11211040010,3,員工餐費及拜拜什支等 ,"36,094",,借,"1,363,675"
8010,利息支出 ,112/11/04,11211040001,3,信保利息 ,"51,440",,借,"3,017,649"
8010,利息支出 ,112/11/04,11211040002,3,信保利息 ,"12,860",,借,"3,030,509"
1290,進項稅額 ,112/11/06,11211060001,3,,"1,336",,借,"1,183,321"
2120,應付票據 ,112/11/06,11211060001,3,2/28FA6572940(裕鹽) ,,"28,048",貸,"6,599,088"
5595,製-消耗品費 ,112/11/06,11211060001,3,搭架工程 ,"26,712",,借,"904,548"
2120,應付票據 ,112/11/07,11211070001,3,12/31FA6572906(舊光產) ,,"23,375",貸,"6,622,463"
5522,製-保險費 ,112/11/07,11211070001,3,污泥熱解機(火險保險費) ,"23,375",,借,"23,375"
1290,進項稅額 ,112/11/08,11211120001,3,,"90,000",,借,"1,273,321"
1290,進項稅額 ,112/11/08,11211120002,3,,"13,725",,借,"1,287,046"
1470,未完工程及待驗設備 ,112/11/08,11211120001,3,污泥乾燥爐瓦斯燃燒機及 零 件交貨款60% ,"1,800,000",,借,"178,144,481"
1470,未完工程及待驗設備 ,112/11/08,11211120002,3,污泥乾燥爐瓦斯燃燒機及 零 件(增加儀電)訂金.交貨9 0% ,"274,500",,借,"178,418,981"
2120,應付票據 ,112/11/08,11211120001,3,1/31FA6572916(貫投) ,,"1,890,000",貸,"8,512,463"
2120,應付票據 ,112/11/08,11211120002,3,1/31FA6572917(貫投) ,,"288,225",貸,"8,800,688"
1290,進項稅額 ,112/11/10,11211100001,3,108/9-10月 ,,"1,095,670",借,"191,376"
1290,進項稅額 ,112/11/10,11211100002,3,,"6,190",,借,"197,566"
1295,留抵稅額 ,112/11/10,11211100001,3,108/7-8月 ,,"10,077,287",借,0
1295,留抵稅額 ,112/11/10,11211100001,3,108/9-10月 ,"11,132,957",,借,"11,132,957"
1940,未攤銷費用 ,112/11/10,11211100002,3,通訊設備及線路安裝 ,"157,567",,借,"536,589"
2120,應付票據 ,112/11/10,11211100002,3,12/31FA6572905(天象) ,,"163,757",貸,"8,964,445"
2290,銷項稅額 ,112/11/10,11211100001,3,108/9-10月 ,"40,000",,貸,0
1110,銀行存款 ,112/11/11,11211110001,3,合庫-雙和 ,,"112,500",借,"1,773,233"
8010,利息支出 ,112/11/11,11211110001,3,廠融貸款利息 ,"112,500",,借,"3,143,009"
1110,銀行存款 ,112/11/13,11211130002,3,合庫-雙和 ,,"140,625",借,"1,632,608"
1290,進項稅額 ,112/11/13,11211130001,3,,"48,895",,借,"246,461"
1470,未完工程及待驗設備 ,112/11/13,11211130001,3,保溫工程 ,"977,898",,借,"179,396,879"
2120,應付票據 ,112/11/13,11211130001,3,12/31FA6572907(股紘) ,,"1,026,793",貸,"9,991,238"
8010,利息支出 ,112/11/13,11211130002,3,土地貸款利息 ,"140,625",,借,"3,283,634"
1290,進項稅額 ,112/11/14,11211140002,3,,285,,借,"246,746"
1940,未攤銷費用 ,112/11/14,11211140001,3,OA屏風及修改 ,"12,000",,借,"548,589"
2120,應付票據 ,112/11/14,11211140001,3,12/31FA6572909 ,,"12,000",貸,"10,003,238"
2120,應付票據 ,112/11/14,11211140002,3,2/28FA6572933(先鋒戰隊) ,,"5,985",貸,"10,009,223"
6230,其他費用 ,112/11/14,11211140002,3,垃圾清運費(12月份) ,"5,700",,借,"1,369,375"
1290,進項稅額 ,112/11/15,11211150001,3,,163,,借,"246,909"
1290,進項稅額 ,112/11/15,11211150002,3,,"48,286",,借,"295,195"
1290,進項稅額 ,112/11/15,11211150003,3,,"1,204",,借,"296,399"
1290,進項稅額 ,112/11/15,11211150004,3,,"1,000",,借,"297,399"
1470,未完工程及待驗設備 ,112/11/15,11211150002,3,分析檢測設備及配件組 ,"965,714",,借,"180,362,593"
2120,應付票據 ,112/11/15,11211150001,3,12/31FA6572902(正辛) ,,"3,423",貸,"10,012,646"
2120,應付票據 ,112/11/15,11211150002,3,1/31FA6572919 ,,"1,014,000",貸,"11,026,646"
2120,應付票據 ,112/11/15,11211150003,3,3/31FA6572942(富月) ,,"25,284",貸,"11,051,930"
2120,應付票據 ,112/11/15,11211150004,3,3/31FA6572936(義舜) ,,"21,000",貸,"11,072,930"
5525,製-加工費 ,112/11/15,11211150004,3,噴漆 ,"20,000",,借,"770,069"
5595,製-消耗品費 ,112/11/15,11211150003,3,切片.焊條等 ,"24,080",,借,"928,628"
6030,文具用品 ,112/11/15,11211150001,3,影印費(11月份) ,"3,260",,借,"41,334"
1290,進項稅額 ,112/11/18,11211180001,3,,175,,借,"297,574"
2120,應付票據 ,112/11/18,11211180001,3,12/31FA6572904(觀世音起?? ,,"3,675",貸,"11,076,605"
5512,製-運費 ,112/11/18,11211180001,3,起重費 ,"3,500",,借,"195,721"
1110,銀行存款 ,112/11/20,11211200001,3,合庫-雙和 ,,"21,200",借,"1,611,408"
1110,銀行存款 ,112/11/20,11211200002,3,合庫-雙和 ,,"105,561",借,"1,505,847"
1110,銀行存款 ,112/11/20,11211200003,3,合庫-雙和 ,,"28,087",借,"1,477,760"
1110,銀行存款 ,112/11/20,11211200004,3,合庫-雙和 ,,"6,253",借,"1,471,507"
1110,銀行存款 ,112/11/20,11211200005,3,合庫-雙和 ,,"4,361",借,"1,467,146"
1110,銀行存款 ,112/11/20,11211200006,3,合庫-雙和 ,,"105,064",借,"1,362,082"
1110,銀行存款 ,112/11/20,11211200007,3,合庫-雙和 ,,"15,132",借,"1,346,950"
1110,銀行存款 ,112/11/20,11211200008,3,合庫-雙和 ,,"70,275",借,"1,276,675"
1110,銀行存款 ,112/11/20,11211200009,3,合庫-雙和 ,,"3,200",借,"1,273,475"
1290,進項稅額 ,112/11/20,11211200003,3,,869,,借,"298,443"
1290,進項稅額 ,112/11/20,11211200004,3,,298,,借,"298,741"
2990,代收款項 ,112/11/20,11211200002,3,9月份勞健保自付 ,"11,658",,貸,"35,435"
5514,製-郵電費 ,112/11/20,11211200004,3,觀音廠電話費 ,"5,955",,借,"26,866"
5518,製-水電瓦斯費 ,112/11/20,11211200003,3,臨水結清水費 ,"7,105",,借,"132,115"
5518,製-水電瓦斯費 ,112/11/20,11211200003,3,觀音廠電費 ,"17,383",,借,"149,498"
5595,製-消耗品費 ,112/11/20,11211200008,3,混凝土等 ,"70,245",,借,"998,873"
6040,旅費 ,112/11/20,11211200001,3,10月份油資補貼 ,"21,200",,借,"245,550"
6100,保險費 ,112/11/20,11211200002,3,9月勞.健保 ,"62,575",,借,"841,628"
6100,保險費 ,112/11/20,11211200002,3,9越勞退金 ,"30,984",,借,"872,612"
6130,稅捐 ,112/11/20,11211200006,3,108年地價稅 ,"105,064",,借,"105,064"
6230,其他費用 ,112/11/20,11211200002,3,勞.健保滯納金 ,344,,借,"1,369,719"
6230,其他費用 ,112/11/20,11211200003,3,臨水轉正水代辦費 ,"2,730",,借,"1,372,449"
6230,其他費用 ,112/11/20,11211200005,3,污水下水道使用費及匯費 ,"4,361",,借,"1,376,810"
6230,其他費用 ,112/11/20,11211200007,3,11月份園區管理費 ,"15,132",,借,"1,391,942"
6230,其他費用 ,112/11/20,11211200008,3,匯費 ,30,,借,"1,391,972"
6230,其他費用 ,112/11/20,11211200009,3,15噸天車竣工檢查規費 ,"3,200",,借,"1,395,172"
1110,銀行存款 ,112/11/22,11211220003,3,貸款 ,"5,897,500",,借,"7,170,975"
1110,銀行存款 ,112/11/22,11211220003,3,貸款 ,"17,692,500",,借,"24,863,475"
1110,銀行存款 ,112/11/22,11211220003,3,貸款 ,"189,000",,借,"25,052,475"
1110,銀行存款 ,112/11/22,11211220003,3,貸款 ,"756,000",,借,"25,808,475"
1110,銀行存款 ,112/11/22,11211220004,3,合庫-雙和 ,,"299,877",借,"25,508,598"
1110,銀行存款 ,112/11/22,11211220005,3,合庫-雙和 ,,260,借,"25,508,338"
1290,進項稅額 ,112/11/22,11211220001,3,,"9,400",,借,"308,141"
1290,進項稅額 ,112/11/22,11211220002,3,,"26,000",,借,"334,141"
1470,未完工程及待驗設備 ,112/11/22,11211220001,3,減速機 ,"188,000",,借,"180,550,593"
1470,未完工程及待驗設備 ,112/11/22,11211220002,3,快速捲門安裝 ,"520,000",,借,"181,070,593"
2115,銀行借款 ,112/11/22,11211220003,3,合庫借款 ,,"24,535,000",貸,"188,102,564"
2120,應付票據 ,112/11/22,11211220001,3,1/31FA6572914(千昌) ,,"197,400",貸,"11,274,005"
2120,應付票據 ,112/11/22,11211220002,3,1/31FA6572915(一立機電 ) ,,"546,000",貸,"11,820,005"
6230,其他費用 ,112/11/22,11211220004,3,信保手續費 ,"299,877",,借,"1,695,049"
6230,其他費用 ,112/11/22,11211220005,3,匯費(合庫轉板信) ,260,,借,"1,695,309"
1110,銀行存款 ,112/11/25,11211250002,3,合庫-雙和 ,,"470,680",借,"25,037,658"
1110,銀行存款 ,112/11/25,11211250003,3,合庫-雙和 ,,"156,900",借,"24,880,758"
1290,進項稅額 ,112/11/25,11211250001,3,,"20,627",,借,"354,768"
2115,銀行借款 ,112/11/25,11211250002,3,信保還款 ,"450,141",,貸,"187,652,423"
2115,銀行借款 ,112/11/25,11211250003,3,信保還款 ,"150,054",,貸,"187,502,369"
2120,應付票據 ,112/11/25,11211250001,3,12/31FA6572901(小明) ,,"433,177",貸,"12,253,182"
5300,物料進料 ,112/11/25,11211250001,3,槽鐵.角鐵等 ,"392,260",,借,"5,261,133"
5525,製-加工費 ,112/11/25,11211250001,3,雷射.切版.壓板等工資 ,"20,290",,借,"790,359"
8010,利息支出 ,112/11/25,11211250002,3,信保借款利息 ,"20,539",,借,"3,304,173"
8010,利息支出 ,112/11/25,11211250003,3,信保借款利息 ,"6,846",,借,"3,311,019"
1110,銀行存款 ,112/11/27,11211270002,3,板信 ,,260,借,"24,880,498"
1290,進項稅額 ,112/11/27,11211270001,3,,"3,581",,借,"358,349"
2120,應付票據 ,112/11/27,11211270001,3,12/31FA6572903(晉楊) ,,"75,199",貸,"12,328,381"
5595,製-消耗品費 ,112/11/27,11211270001,3,五金用品等 ,"71,618",,借,"1,070,491"
6230,其他費用 ,112/11/27,11211270002,3,匯費(板信轉合庫) ,260,,借,"1,695,569"
1290,進項稅額 ,112/11/28,11211280002,3,,"2,250",,借,"360,599"
1470,未完工程及待驗設備 ,112/11/28,11211280002,3,成品不合格輸送機設備30 %訂 金 ,"45,000",,借,"181,115,593"
2120,應付票據 ,112/11/28,11211280002,3,12/3FA6572923(同慶) ,,"47,250",貸,"12,375,631"
1110,銀行存款 ,112/11/29,11211290003,3,合庫-雙和 ,,"3,357,509",借,"21,522,989"
1290,進項稅額 ,112/11/29,11211290001,3,,"3,327",,借,"363,926"
1290,進項稅額 ,112/11/29,11211290002,3,,"4,948",,借,"368,874"
2120,應付票據 ,112/11/29,11211290001,3,1/31FA6572918(裕宏) ,,"69,867",貸,"12,445,498"
2120,應付票據 ,112/11/29,11211290002,3,3/31FA6572937(非盈利) ,,"103,914",貸,"12,549,412"
2120,應付票據 ,112/11/29,11211290003,3,鎧甲.厚片.非盈利.富月.舜 炘 等 ,"3,002,517",,貸,"9,546,895"
2120-001,其他應付票據 ,112/11/29,11211290003,3,台灣工銀 ,"354,992",,借,"3,008,453"
5300,物料進料 ,112/11/29,11211290002,3,配管材料等 ,"98,966",,借,"5,360,099"
5525,製-加工費 ,112/11/29,11211290001,3,另件加工 ,"66,540",,借,"856,899"
1110,銀行存款 ,112/12/04,11212040001,3,合庫-雙和 ,,"504,020",借,"21,018,969"
1110,銀行存款 ,112/12/04,11212040002,3,合庫-雙和 ,,"126,010",借,"20,892,959"
2115,銀行借款 ,112/12/04,11212040001,3,信保還款 ,"451,583",,貸,"187,050,786"
2115,銀行借款 ,112/12/04,11212040002,3,信保還款 ,"112,900",,貸,"186,937,886"
8010,利息支出 ,112/12/04,11212040001,3,信保借款利息 ,"52,437",,借,"3,363,456"
8010,利息支出 ,112/12/04,11212040002,3,信保借款利息 ,"13,110",,借,"3,376,566"
1110,銀行存款 ,112/12/05,11212050001,3,合庫-雙和 ,,"736,279",借,"20,156,680"
1110,銀行存款 ,112/12/05,11212050002,3,合庫-雙和 ,,"159,660",借,"19,997,020"
1110,銀行存款 ,112/12/05,11212050003,3,合庫-雙和 ,,"57,891",借,"19,939,129"
1110,銀行存款 ,112/12/05,11212050004,3,合庫-雙和 ,,"566,715",借,"19,372,414"
1110,銀行存款 ,112/12/05,11212050005,3,合庫-雙和 ,,280,借,"19,372,134"
1110,銀行存款 ,112/12/05,11212050006,3,合庫-雙和 ,,"61,110",借,"19,311,024"
1110,銀行存款 ,112/12/05,11212050007,3,合庫-雙和 ,,"238,619",借,"19,072,405"
1110,銀行存款 ,112/12/05,11212050008,3,合庫-雙和 ,,"540,030",借,"18,532,375"
1110,銀行存款 ,112/12/05,11212050009,3,合庫-雙和 ,,"2,688",借,"18,529,687"
1110,銀行存款 ,112/12/05,11212050010,3,合庫-雙和 ,,"93,006",借,"18,436,681"
1110,銀行存款 ,112/12/05,11212050011,3,合庫-雙和 ,,"62,803",借,"18,373,878"
1240,其他預付款 ,112/12/05,11212050007,3,預付訂金 ,,"125,000",借,"584,041"
1290,進項稅額 ,112/12/05,11212050003,3,,"2,755",,借,"371,629"
1290,進項稅額 ,112/12/05,11212050004,3,,"26,985",,借,"398,614"
1290,進項稅額 ,112/12/05,11212050007,3,,"17,314",,借,"415,928"
1290,進項稅額 ,112/12/05,11212050008,3,,"25,714",,借,"441,642"
1470,未完工程及待驗設備 ,112/12/05,11212050008,3,分析儀 ,"514,286",,借,"181,629,879"
1940,未攤銷費用 ,112/12/05,11212050007,3,系統櫃等 ,"346,275",,借,"894,864"
2990,代收款項 ,112/12/05,11212050001,3,11月份勞.健保自付 ,,"14,171",貸,"49,606"
5400,直接人工 ,112/12/05,11212050002,3,點工工資 ,"159,600",,借,"176,400"
5502,製-間接人工 ,112/12/05,11212050004,3,臨工工資 ,"539,700",,借,"3,044,800"
5512,製-運費 ,112/12/05,11212050010,3,吊運費 ,"10,500",,借,"206,221"
5524,製-燃料費 ,112/12/05,11212050010,3,發電機用油 ,"59,040",,借,"336,584"
5595,製-消耗品費 ,112/12/05,11212050003,3,螺絲 ,"55,106",,借,"1,125,597"
5595,製-消耗品費 ,112/12/05,11212050010,3,高壓軟管等 ,"23,466",,借,"1,149,063"
6010,薪資支出 ,112/12/05,11212050001,3,11月份部分薪資 ,"180,000",,借,"7,195,568"
6010,薪資支出 ,112/12/05,11212050001,3,11月份薪資 ,"572,850",,借,"7,768,418"
6010,薪資支出 ,112/12/05,11212050001,3,請假扣款 ,,"2,700",借,"7,765,718"
6040,旅費 ,112/12/05,11212050009,3,油資補貼(11月份) ,"2,688",,借,"248,238"
6060,郵電費 ,112/12/05,11212050005,3,中和辦公室電話費 ,280,,借,"2,976"
6080,廣告費 ,112/12/05,11212050006,3,104徵才廣告 ,"7,800",,借,"23,980"
6230,其他費用 ,112/12/05,11212050001,3,匯費 ,300,,借,"1,695,869"
6230,其他費用 ,112/12/05,11212050002,3,匯費 ,60,,借,"1,695,929"
6230,其他費用 ,112/12/05,11212050003,3,匯費 ,30,,借,"1,695,959"
6230,其他費用 ,112/12/05,11212050004,3,匯費 ,30,,借,"1,695,989"
6230,其他費用 ,112/12/05,11212050006,3,文中會計帳維護合約 ,"15,750",,借,"1,711,739"
6230,其他費用 ,112/12/05,11212050006,3,工廠登記申請及規費 ,"37,500",,借,"1,749,239"
6230,其他費用 ,112/12/05,11212050006,3,匯費 ,60,,借,"1,749,299"
6230,其他費用 ,112/12/05,11212050007,3,匯費 ,30,,借,"1,749,329"
6230,其他費用 ,112/12/05,11212050008,3,匯費 ,30,,借,"1,749,359"
6230,其他費用 ,112/12/05,11212050011,3,電腦零件組.排煙扇.藥品 等 ,"17,489",,借,"1,766,848"
6230,其他費用 ,112/12/05,11212050011,3,拜拜什支及員工餐費等 ,"45,314",,借,"1,812,162"
1110,銀行存款 ,112/12/09,11212090001,3,合庫-雙和 ,,"112,500",借,"18,261,378"
8010,利息支出 ,112/12/09,11212090001,3,廠融貸款利息 ,"112,500",,借,"3,489,066"
1290,進項稅額 ,112/12/10,11212100001,3,,"39,750",,借,"481,392"
1470,未完工程及待驗設備 ,112/12/10,11212100001,3,儲灰槽輸送設備訂金30% ,"795,000",,借,"182,424,879"
2120,應付票據 ,112/12/10,11212100001,3,12/31FA6572924(同慶) ,,"834,750",貸,"10,381,645"
1110,銀行存款 ,112/12/13,11212130001,3,合庫-雙和 ,,"21,200",借,"18,240,178"
1110,銀行存款 ,112/12/13,11212130002,3,合庫-雙和 ,,"121,393",借,"18,118,785"
1110,銀行存款 ,112/12/13,11212130003,3,合庫-雙和 ,,"15,132",借,"18,103,653"
1110,銀行存款 ,112/12/13,11212130004,3,合庫-雙和 ,,"14,363",借,"18,089,290"
1110,銀行存款 ,112/12/13,11212130005,3,合庫-雙和 ,,"140,625",借,"17,948,665"
2990,代收款項 ,112/12/13,11212130002,3,10月份勞.健保自付 ,"14,789",,貸,"34,817"
6040,旅費 ,112/12/13,11212130001,3,11月份油資補貼 ,"21,200",,借,"269,438"
6100,保險費 ,112/12/13,11212130002,3,10月份勞.健保 ,"71,123",,借,"943,735"
6100,保險費 ,112/12/13,11212130002,3,10月份勞退金 ,"35,340",,借,"979,075"
6230,其他費用 ,112/12/13,11212130002,3,健保滯納金 ,141,,借,"1,812,303"
6230,其他費用 ,112/12/13,11212130003,3,12月份園區管理費 ,"15,132",,借,"1,827,435"
6230,其他費用 ,112/12/13,11212130004,3,11月份污水下水道費 ,"5,333",,借,"1,832,768"
6230,其他費用 ,112/12/13,11212130004,3,清理化糞管 ,"9,000",,借,"1,841,768"
6230,其他費用 ,112/12/13,11212130004,3,匯費 ,30,,借,"1,841,798"
8010,利息支出 ,112/12/13,11212130005,3,土地貸款利息 ,"140,625",,借,"3,629,691"
1290,進項稅額 ,112/12/15,11212150001,3,,295,,借,"481,687"
1290,進項稅額 ,112/12/15,11212150002,3,,"2,381",,借,"484,068"
2120,應付票據 ,112/12/15,11212150001,3,2/28FA6572941(裕宏) ,,"6,195",貸,"10,387,840"
2120,應付票據 ,112/12/15,11212150002,3,2/28FA6572929(德國氣體 ) ,,"50,000",貸,"10,437,840"
5525,製-加工費 ,112/12/15,11212150001,3,另件加工 ,"5,900",,借,"862,799"
5595,製-消耗品費 ,112/12/15,11212150002,3,實驗室用氣體 ,"47,619",,借,"1,196,682"
1290,進項稅額 ,112/12/18,11212180001,3,,"8,473",,借,"492,541"
1470,未完工程及待驗設備 ,112/12/18,11212180001,3,保溫工程 ,"169,455",,借,"182,594,334"
2120,應付票據 ,112/12/18,11212180001,3,2/28FA6572932(股紘) ,,"177,928",貸,"10,615,768"
1290,進項稅額 ,112/12/19,11212190001,3,,162,,借,"492,703"
2120,應付票據 ,112/12/19,11212190001,3,2/28FA6572934(正辛) ,,"3,392",貸,"10,619,160"
6030,文具用品 ,112/12/19,11212190001,3,影印費(12月份) ,"3,230",,借,"44,564"
1110,銀行存款 ,112/12/21,11212210001,3,合庫-雙和 ,"1,983",,借,"17,950,648"
7040,利息收入 ,112/12/21,11212210001,3,合庫利息 ,,"1,983",貸,"94,726"
1110,銀行存款 ,112/12/23,11212230002,3,合庫-雙和 ,,"470,680",借,"17,479,968"
1110,銀行存款 ,112/12/23,11212230003,3,合庫-雙和 ,,"156,900",借,"17,323,068"
2115,銀行借款 ,112/12/23,11212230002,3,信保還款 ,"413,324",,貸,"186,524,562"
2115,銀行借款 ,112/12/23,11212230003,3,信保還款 ,"137,781",,貸,"186,386,781"
2120,應付票據 ,112/12/23,11212230001,3,2/28FA6572931(立春) ,,"17,472",貸,"10,636,632"
5595,製-消耗品費 ,112/12/23,11212230001,3,溶劑一批 ,"17,472",,借,"1,214,154"
8010,利息支出 ,112/12/23,11212230002,3,信保借款利息 ,"57,356",,借,"3,687,047"
8010,利息支出 ,112/12/23,11212230003,3,信保借款利息 ,"19,119",,借,"3,706,166"
1290,進項稅額 ,112/12/25,11212250001,3,,"23,679",,借,"516,382"
1290,進項稅額 ,112/12/25,11212250002,3,,"1,500",,借,"517,882"
2120,應付票據 ,112/12/25,11212250001,3,1/31FA6572925 ,,"497,252",貸,"11,133,884"
2120,應付票據 ,112/12/25,11212250002,3,2/28FA6572927(觀世音起重 ) ,,"31,500",貸,"11,165,384"
5300,物料進料 ,112/12/25,11212250001,3,鐵板.角鐵等 ,"419,663",,借,"5,779,762"
5512,製-運費 ,112/12/25,11212250002,3,起重費 ,"30,000",,借,"236,221"
5525,製-加工費 ,112/12/25,11212250001,3,鍍鋅加工.切板壓板工資 ,"53,910",,借,"916,709"
1290,進項稅額 ,112/12/27,11212270001,3,,"2,720",,借,"520,602"
1290,進項稅額 ,112/12/27,11212270002,3,,"92,464",,借,"613,066"
1470,未完工程及待驗設備 ,112/12/27,11212270002,3,製程空污設備等20%請款 ,"1,692,122",,借,"184,286,456"
1470,未完工程及待驗設備 ,112/12/27,11212270002,3,加熱爐新增工程安裝 ,"157,143",,借,"184,443,599"
2120,應付票據 ,112/12/27,11212270001,3,1/31FA6572926(晉楊) ,,"57,123",貸,"11,222,507"
2120,應付票據 ,112/12/27,11212270002,3,3/31FA6572939(友誼) ,,"1,941,729",貸,"13,164,236"
5595,製-消耗品費 ,112/12/27,11212270001,3,五金用品等 ,"54,403",,借,"1,268,557"
1110,銀行存款 ,112/12/30,11212300002,3,合庫-雙和 ,,"15,391",借,"17,307,677"
1110,銀行存款 ,112/12/30,11212300003,3,合庫-雙和 ,,"52,684",借,"17,254,993"
1110,銀行存款 ,112/12/30,11212300004,3,合庫-台銀 ,,"5,075,091",借,"12,179,902"
1110,銀行存款 ,112/12/30,11212300005,3,合庫-雙和 ,,"76,210",借,"12,103,692"
1110,銀行存款 ,112/12/30,11212300006,3,合庫-雙和 ,,"77,117",借,"12,026,575"
1110,銀行存款 ,112/12/30,11212300007,3,合庫-雙和 ,,"5,000",借,"12,021,575"
1290,進項稅額 ,112/12/30,11212300001,3,,"46,245",,借,"659,311"
1470,未完工程及待驗設備 ,112/12/30,11212300001,3,製程控制盤及相關設備製 作 三期安裝款15% ,"663,000",,借,"185,106,599"
1470,未完工程及待驗設備 ,112/12/30,11212300001,3,配線設備及變頻器.乙太?蘢?增設第三期安裝款15% ,"261,905",,借,"185,368,504"
2120,應付票據 ,112/12/30,11212300001,3,3/31FA6572938(金元彬) ,,"971,150",貸,"14,135,386"
2120,應付票據 ,112/12/30,11212300004,3,佳興.鎧允.先鋒.富淇.盈 利. 宏裕等 ,"4,720,099",,貸,"9,415,287"
2120-001,其他應付票據 ,112/12/30,11212300004,3,台灣工銀 ,"354,992",,借,"3,363,445"
5514,製-郵電費 ,112/12/30,11212300003,3,觀音廠電話網路費 ,"6,506",,借,"33,372"
5518,製-水電瓦斯費 ,112/12/30,11212300002,3,觀音廠電費 ,"15,391",,借,"164,889"
6230,其他費用 ,112/12/30,11212300003,3,健保滯納金 ,118,,借,"1,841,916"
6230,其他費用 ,112/12/30,11212300003,3,建物登記費用及規費等 ,"40,000",,借,"1,881,916"
6230,其他費用 ,112/12/30,11212300003,3,匯費 ,60,,借,"1,881,976"
6230,其他費用 ,112/12/30,11212300003,3,年度帳費(含購發票) ,"6,000",,借,"1,887,976"
6230,其他費用 ,112/12/30,11212300007,3,空污連續監測審查費 ,"5,000",,借,"1,892,976"
8010,利息支出 ,112/12/30,11212300005,3,廠融貸款利息 ,"76,210",,借,"3,782,376"
8010,利息支出 ,112/12/30,11212300006,3,土地貸款利息 ,"77,117",,借,"3,859,493"
1290,進項稅額 ,112/12/31,11212310003,3,,"21,500",,借,"680,811"
1290,進項稅額 ,112/12/31,11212310004,3,,523,,借,"681,334"
1290,進項稅額 ,112/12/31,11212310005,3,,"4,286",,借,"685,620"
1290,進項稅額 ,112/12/31,11212310012,3,,648,,借,"686,268"
1290,進項稅額 ,112/12/31,11212310015,3,11-12月 ,,"678,759",借,"7,509"
1295,留抵稅額 ,112/12/31,11212310015,3,9-10月 ,,"11,132,957",借,0
1295,留抵稅額 ,112/12/31,11212310015,3,11-12月 ,"11,811,716",,借,"11,811,716"
1445,累計折舊-機器設備 ,112/12/31,11212310013,3,108年提列 ,,"3,978,836",貸,"20,225,750"
1465,累計折舊-辦公設備 ,112/12/31,11212310013,3,108年提列 ,,"28,781",貸,"79,888"
1470,未完工程及待驗設備 ,112/12/31,11212310005,3,分析儀尾款 ,"85,714",,借,"185,454,218"
1495,累計折舊-其他固定資產 ,112/12/31,11212310013,3,108年提列 ,,"20,817",貸,"38,451"
2145,應付費用 ,112/12/31,11212310001,3,應付款 ,,"732,925",貸,"1,523,492"
2145,應付費用 ,112/12/31,11212310002,3,應付款 ,,"151,200",貸,"1,674,692"
2145,應付費用 ,112/12/31,11212310003,3,應付款 ,,"451,500",貸,"2,126,192"
2145,應付費用 ,112/12/31,11212310004,3,應付款 ,,"10,980",貸,"2,137,172"
2145,應付費用 ,112/12/31,11212310005,3,應付款 ,,"90,000",貸,"2,227,172"
2145,應付費用 ,112/12/31,11212310006,3,應付款 ,,280,貸,"2,227,452"
2145,應付費用 ,112/12/31,11212310007,3,應付款 ,,"2,814",貸,"2,230,266"
2145,應付費用 ,112/12/31,11212310008,3,應付款 ,,"58,241",貸,"2,288,507"
2145,應付費用 ,112/12/31,11212310009,3,應付款 ,,"54,848",貸,"2,343,355"
2145,應付費用 ,112/12/31,11212310010,3,應付款 ,,"21,200",貸,"2,364,555"
2145,應付費用 ,112/12/31,11212310011,3,應付款 ,,"126,827",貸,"2,491,382"
2145,應付費用 ,112/12/31,11212310012,3,應付款 ,,"13,602",貸,"2,504,984"
2145,應付費用 ,112/12/31,11212310014,3,應付帳 ,,"123,283",貸,"2,628,267"
2990,代收款項 ,112/12/31,11212310001,3,12月勞.健保自付 ,,"14,171",貸,"48,988"
2990,代收款項 ,112/12/31,11212310011,3,11月份勞.健保自付 ,"14,171",,貸,"34,817"
5400,直接人工 ,112/12/31,11212310002,3,12月份點工工資 ,"151,200",,借,"327,600"
5502,製-間接人工 ,112/12/31,11212310003,3,12月份臨時工資 ,"430,000",,借,"3,474,800"
5524,製-燃料費 ,112/12/31,11212310008,3,發電機用油 ,"54,880",,借,"391,464"
5595,製-消耗品費 ,112/12/31,11212310004,3,螺絲 ,"10,457",,借,"1,279,014"
5595,製-消耗品費 ,112/12/31,11212310008,3,活葉.電料等 ,"3,361",,借,"1,282,375"
6010,薪資支出 ,112/12/31,11212310001,3,12月份部分薪資 ,"180,000",,借,"7,945,718"
6010,薪資支出 ,112/12/31,11212310001,3,12月份薪資 ,"570,000",,借,"8,515,718"
6010,薪資支出 ,112/12/31,11212310001,3,請假扣款 ,,"2,904",借,"8,512,814"
6030,文具用品 ,112/12/31,11212310009,3,文具用品等 ,"3,597",,借,"48,161"
6040,旅費 ,112/12/31,11212310007,3,油資補貼(何) ,"2,814",,借,"272,252"
6040,旅費 ,112/12/31,11212310010,3,12月份油資補貼 ,"21,200",,借,"293,452"
6060,郵電費 ,112/12/31,11212310006,3,中和辦公室電話費 ,280,,借,"3,256"
6100,保險費 ,112/12/31,11212310011,3,11月份勞.健保 ,"76,085",,借,"1,055,160"
6100,保險費 ,112/12/31,11212310011,3,11月份勞退金 ,"36,571",,借,"1,091,731"
6100,保險費 ,112/12/31,11212310014,3,12月勞保.勞退金 ,"88,643",,借,"1,180,374"
6100,保險費 ,112/12/31,11212310014,3,12月健保費 ,"34,640",,借,"1,215,014"
6150,各項折舊 ,112/12/31,11212310013,3,108年提列 ,"4,028,434",,借,"4,028,434"
6230,其他費用 ,112/12/31,11212310009,3,白板裝置及清潔什支等 ,"10,910",,借,"1,903,886"
6230,其他費用 ,112/12/31,11212310009,3,拜拜什支及員工餐費等 ,"40,341",,借,"1,944,227"
6230,其他費用 ,112/12/31,11212310012,3,12月份污水下水道使用費 ,"12,954",,借,"1,957,181"
