公司,立帳日期,傳票編號,會計科目編號,會計科目名稱,摘要說明1,摘要說明2,借貸,分錄金額,立帳人員,製單日期,借方金額,貸方金額
大通創投,2023/01/03,1120100001,424101,利息收入-台幣定存息,回轉12月底估計利息,,借,"3,836",吳芷寧,2023/01/03,3836,
大通創投,2023/01/03,1120100001,117701,應收利息-台幣定存息,回轉12月底估計利息,,貸,"3,836",吳芷寧,2023/01/03,,3836
大通創投,2023/01/03,1120100002,11030136,銀行存款-華銀城東外幣#108-97-004112-0,回轉111.12月匯率調整,,貸,8,吳芷寧,2023/01/04,,8
大通創投,2023/01/03,1120100002,11030134,銀行存款-Stifel68718585,回轉111.12月匯率調整,,借,84,吳芷寧,2023/01/04,84,
大通創投,2023/01/03,1120100002,11030127,銀行存款-SinoPac#714020300007,回轉111.12月匯率調整,,借,307,吳芷寧,2023/01/04,307,
大通創投,2023/01/03,1120100002,11030132,銀行存款-彰銀松江優帳戶美金#97528636914600,回轉111.12月匯率調整,,借,1,吳芷寧,2023/01/04,1,
大通創投,2023/01/03,1120100002,11030131,銀行存款-KGIAsia#10001251689,回轉111.12月匯率調整,,貸,46,吳芷寧,2023/01/04,,46
大通創投,2023/01/03,1120100002,7161,兌換利益,回轉111.12月匯率調整,,貸,338,吳芷寧,2023/01/04,,338
大通創投,2023/01/16,1120100003,2871,租賃負債-非流動,112.01月臺隆租金費用-沖銷依IFRS16認列租,賃負債,借,"126,425",吳芷寧,2023/01/09,126425,
大通創投,2023/01/16,1120100003,622203,稅捐-租金,112.01月臺隆租金費用-Tax5%,,借,"6,352",吳芷寧,2023/01/09,6352,
大通創投,2023/01/16,1120100003,751102,利息費用-租賃負債,112.01月依IFRS16認列租賃負債沖銷費用,,借,625,吳芷寧,2023/01/09,625,
大通創投,2023/01/16,1120100003,11030130,銀行存款-彰銀松江優帳戶台幣#97528636914600,112.01月臺隆租金費用,,貸,"133,402",吳芷寧,2023/01/09,,133402
大通創投,2023/01/16,1120100003,6224-1,折舊-使用權資產,112.01月依IFRS16認列使用權資產攤提折舊,,借,"124,921",吳芷寧,2023/01/09,124921,
大通創投,2023/01/16,1120100003,1579,累計折舊-使用權資產,112.01月依IFRS16認列使用權資產攤提折舊,,貸,"124,921",吳芷寧,2023/01/09,,124921
大通創投,2023/01/17,1120100004,11030135,銀行存款-華銀城東台幣(綜存)#108-10-035829-8,銀行資金調撥華銀城東→華銀城東(綜存)NT,"$20,000,000",借,"20,000,000",吳芷寧,2023/01/11,20000000,
大通創投,2023/01/17,1120100004,11030105,銀行存款-華銀城東#108105000493,銀行資金調撥華銀城東→華銀城東(綜存)NT,"$20,000,000",貸,"20,000,000",吳芷寧,2023/01/11,,20000000
大通創投,2023/01/17,1120100004,11030135,銀行存款-華銀城東台幣(綜存)#108-10-035829-8,銀行資金調撥國泰世華新生→華銀城東(綜存,")NT$23,820,000",借,"23,820,000",吳芷寧,2023/01/11,23820000,
大通創投,2023/01/17,1120100004,6215,郵電費,銀行資金調撥-匯費NT$250,,借,250,吳芷寧,2023/01/11,250,
大通創投,2023/01/17,1120100004,11030125,銀行存款-國泰世華新生044-14-000103-9,銀行資金調撥國泰世華新生→華銀城東(綜存,")NT$23,820,000+匯費NT$250",貸,"23,820,250",吳芷寧,2023/01/11,,23820250
大通創投,2023/01/17,1120100004,11030135,銀行存款-華銀城東台幣(綜存)#108-10-035829-8,銀行資金調撥元大南京東→華銀城東(綜存),"NT$21,890,000",借,"21,890,000",吳芷寧,2023/01/11,21890000,
大通創投,2023/01/17,1120100004,6215,郵電費,銀行資金調撥-匯費NT$230,,借,230,吳芷寧,2023/01/11,230,
大通創投,2023/01/17,1120100004,11030119,銀行存款-元大南京東路363-21-67785-3-0,銀行資金調撥元大南京東→華銀城東(綜存),"NT$21,890,000+匯費NT$230",貸,"21,890,230",吳芷寧,2023/01/11,,21890230
大通創投,2023/01/17,1120100005,110608,定期存款-台幣華銀城東(綜存),(2)112/01/17~112/10/17270天利率:0.525%,,借,"30,000,000",吳芷寧,2023/01/11,30000000,
大通創投,2023/01/17,1120100005,11030135,銀行存款-華銀城東台幣(綜存)#108-10-035829-8,活存轉作定存至112/10/17,,貸,"30,000,000",吳芷寧,2023/01/11,,30000000
大通創投,2023/01/17,1120100006,110608,定期存款-台幣華銀城東(綜存),(3)112/01/17~112/10/17270天利率:0.525%,,借,"20,000,000",吳芷寧,2023/01/11,20000000,
大通創投,2023/01/17,1120100006,11030135,銀行存款-華銀城東台幣(綜存)#108-10-035829-8,活存轉作定存至112/10/17,,貸,"20,000,000",吳芷寧,2023/01/11,,20000000
大通創投,2023/01/17,1120100007,110608,定期存款-台幣華銀城東(綜存),(4)112/01/17~112/10/17270天利率:0.525%,,借,"15,700,000",吳芷寧,2023/01/11,15700000,
大通創投,2023/01/17,1120100007,11030135,銀行存款-華銀城東台幣(綜存)#108-10-035829-8,活存轉作定存至112/10/17,,貸,"15,700,000",吳芷寧,2023/01/11,,15700000
大通創投,2023/01/10,1120100008,11030125,銀行存款-國泰世華新生044-14-000103-9,福邦證券售股手續費折讓,,借,536,吳芷寧,2023/01/18,536,
大通創投,2023/01/10,1120100008,4881,其他營業收入,福邦證券售股手續費折讓,,貸,536,吳芷寧,2023/01/18,,536
大通創投,2023/01/28,1120100009,11030135,銀行存款-華銀城東台幣(綜存)#108-10-035829-8,定存到期存入華銀城東,,借,"50,027,977",吳芷寧,2023/01/31,50027977,
大通創投,2023/01/28,1120100009,1257,預付所得稅,華銀城東定存息10%稅款,,借,"3,108",吳芷寧,2023/01/31,3108,
大通創投,2023/01/28,1120100009,110608,定期存款-台幣華銀城東(綜存),#1529637(1)定存112/01/28到期存入活存,,貸,"50,000,000",吳芷寧,2023/01/31,,50000000
大通創投,2023/01/28,1120100009,424101,利息收入-台幣定存息,"華銀城東111/10/28~112/01/28,定存息利率",:0.7%,貸,"31,085",吳芷寧,2023/01/31,,31085
大通創投,2023/01/31,1120100010,117701,應收利息-台幣定存息,估計1月底應收定存息,,借,"15,120",吳芷寧,2023/02/18,15120,
大通創投,2023/01/31,1120100010,424101,利息收入-台幣定存息,估計1月底定存息,,貸,"15,120",吳芷寧,2023/02/18,,15120
大通創投,2023/01/31,1120100011,11030136,銀行存款-華銀城東外幣#108-97-004112-0,112.01月匯率調整,,貸,1,吳芷寧,2023/02/18,,1
大通創投,2023/01/31,1120100011,11030134,銀行存款-Stifel68718585,112.01月匯率調整,,貸,111,吳芷寧,2023/02/18,,111
大通創投,2023/01/31,1120100011,11030127,銀行存款-SinoPac#714020300007,112.01月匯率調整,,貸,383,吳芷寧,2023/02/18,,383
大通創投,2023/01/31,1120100011,11030132,銀行存款-彰銀松江優帳戶美金#97528636914600,112.01月匯率調整,,貸,1,吳芷寧,2023/02/18,,1
大通創投,2023/01/31,1120100011,11030131,銀行存款-KGIAsia#10001251689,112.01月匯率調整,,借,21,吳芷寧,2023/02/18,21,
大通創投,2023/01/31,1120100011,7161,兌換利益,112.01月匯率調整,,借,475,吳芷寧,2023/02/18,475,
大通創投,2023/01/03,1120100012,1461,指定公平價值變動列入損益之金融資產-國內-非流動,將2022.12-FVTPL評價轉入FVTPL金融資產,,貸,"23,006,685",吳芷寧,2023/02/22,,23006685
大通創投,2023/01/03,1120100012,1463,指定公平價值變動列入損益之金融資產-國外-非流動,將2022.12-FVTPL評價轉入FVTPL金融資產,,借,"229,671,527",吳芷寧,2023/02/22,229671527,
大通創投,2023/01/03,1120100012,1462,指定公平價值變動列入損益之金融資產評價調整,將2022.12-FVTPL評價轉入FVTPL金融資產,,貸,"206,664,842",吳芷寧,2023/02/22,,206664842
大通創投,2023/01/03,1120100012,111-19,交易目的金融資產評價調整,將2022.12-HFT評價轉入HFT金融資產,,借,"36,137,172",吳芷寧,2023/02/22,36137172,
大通創投,2023/01/03,1120100012,111-10,交易目的金融資產-股票-國內,將2022.12-HFT評價轉入HFT金融資產,,貸,"36,137,172",吳芷寧,2023/02/22,,36137172
大通創投,2023/01/31,1120100013,6234,管理費,112.01月和通國際管理費,,借,"1,264,166",吳芷寧,2023/03/03,1264166,
大通創投,2023/01/31,1120100013,622201,稅捐-管理費,112.01月和通國際管理費-Tax5%,,借,"63,208",吳芷寧,2023/03/03,63208,
大通創投,2023/01/31,1120100013,2141,應付管理費,112.01月和通國際管理費,,貸,"1,327,374",吳芷寧,2023/03/03,,1327374
大通創投,2023/02/09,1120200001,110608,定期存款-台幣華銀城東(綜存),(5)112/02/09~112/03/0930天利率:0.46%,,借,"20,000,000",吳芷寧,2023/02/06,20000000,
大通創投,2023/02/09,1120200001,11030135,銀行存款-華銀城東台幣(綜存)#108-10-035829-8,活存轉作定存至112/03/09,,貸,"20,000,000",吳芷寧,2023/02/06,,20000000
大通創投,2023/02/09,1120200002,110608,定期存款-台幣華銀城東(綜存),(6)112/02/09~112/05/0990天利率:0.48%,,借,"30,000,000",吳芷寧,2023/02/06,30000000,
大通創投,2023/02/09,1120200002,11030135,銀行存款-華銀城東台幣(綜存)#108-10-035829-8,活存轉作定存至112/05/09,,貸,"30,000,000",吳芷寧,2023/02/06,,30000000
大通創投,2023/02/18,1120200003,128103,暫付款-其他,"112.02.20董事會出席費NT$2,000*5人",,借,"10,000",吳芷寧,2023/02/14,10000,
大通創投,2023/02/18,1120200003,6215,郵電費,112.02.20董事會出席費-手續費NT$30,,借,30,吳芷寧,2023/02/14,30,
大通創投,2023/02/18,1120200003,11030130,銀行存款-彰銀松江優帳戶台幣#97528636914600,"112.02.20董事會出席費NT$2,000*4人",,貸,"8,000",吳芷寧,2023/02/14,,8000
大通創投,2023/02/18,1120200003,11030130,銀行存款-彰銀松江優帳戶台幣#97528636914600,"112.02.20董事會出席費NT$2,000*1人+手續費",NT$30,貸,"2,030",吳芷寧,2023/02/14,,2030
大通創投,2023/02/22,1120200004,2871,租賃負債-非流動,112.2月臺隆租金費用-沖銷依IFRS16認列租賃,負債,借,"126,503",吳芷寧,2023/02/14,126503,
大通創投,2023/02/22,1120200004,622203,稅捐-租金,112.2月臺隆租金費用-Tax5%,,借,"6,352",吳芷寧,2023/02/14,6352,
大通創投,2023/02/22,1120200004,751102,利息費用-租賃負債,112.2月依IFRS16認列租賃負債沖銷費用,,借,547,吳芷寧,2023/02/14,547,
大通創投,2023/02/22,1120200004,11030130,銀行存款-彰銀松江優帳戶台幣#97528636914600,112.2月臺隆租金費用,,貸,"133,402",吳芷寧,2023/02/14,,133402
大通創投,2023/02/22,1120200004,6224-1,折舊-使用權資產,112.2月依IFRS16認列使用權資產攤提折舊,,借,"124,921",吳芷寧,2023/02/14,124921,
大通創投,2023/02/22,1120200004,1579,累計折舊-使用權資產,112.2月依IFRS16認列使用權資產攤提折舊,,貸,"124,921",吳芷寧,2023/02/14,,124921
大通創投,2023/02/01,1120200005,424101,利息收入-台幣定存息,回轉1月底估計利息,,借,"15,120",吳芷寧,2023/02/18,15120,
大通創投,2023/02/01,1120200005,117701,應收利息-台幣定存息,回轉1月底估計利息,,貸,"15,120",吳芷寧,2023/02/18,,15120
大通創投,2023/02/01,1120200006,11030136,銀行存款-華銀城東外幣#108-97-004112-0,回轉112.01月匯率調整,,借,1,吳芷寧,2023/02/18,1,
大通創投,2023/02/01,1120200006,11030134,銀行存款-Stifel68718585,回轉112.01月匯率調整,,借,111,吳芷寧,2023/02/18,111,
大通創投,2023/02/01,1120200006,11030127,銀行存款-SinoPac#714020300007,回轉112.01月匯率調整,,借,383,吳芷寧,2023/02/18,383,
大通創投,2023/02/01,1120200006,11030132,銀行存款-彰銀松江優帳戶美金#97528636914600,回轉112.01月匯率調整,,借,1,吳芷寧,2023/02/18,1,
大通創投,2023/02/01,1120200006,11030131,銀行存款-KGIAsia#10001251689,回轉112.01月匯率調整,,貸,21,吳芷寧,2023/02/18,,21
大通創投,2023/02/01,1120200006,7161,兌換利益,回轉112.01月匯率調整,,貸,475,吳芷寧,2023/02/18,,475
大通創投,2023/02/16,1120200007,11030135,銀行存款-華銀城東台幣(綜存)#108-10-035829-8,華銀城東(綜存)定存息#151531201,,借,"8,750",吳芷寧,2023/02/22,8750,
大通創投,2023/02/16,1120200007,424101,利息收入-台幣定存息,華銀城東(綜存)定存息#151531201,,貸,"8,750",吳芷寧,2023/02/22,,8750
大通創投,2023/02/16,1120200007,11030135,銀行存款-華銀城東台幣(綜存)#108-10-035829-8,華銀城東(綜存)定存息#151531212,,借,"6,869",吳芷寧,2023/02/22,6869,
大通創投,2023/02/16,1120200007,424101,利息收入-台幣定存息,華銀城東(綜存)定存息#151531212,,貸,"6,869",吳芷寧,2023/02/22,,6869
大通創投,2023/02/16,1120200007,11030135,銀行存款-華銀城東台幣(綜存)#108-10-035829-8,華銀城東(綜存)定存息#151531224,,借,"13,125",吳芷寧,2023/02/22,13125,
大通創投,2023/02/16,1120200007,424101,利息收入-台幣定存息,華銀城東(綜存)定存息#151531224,,貸,"13,125",吳芷寧,2023/02/22,,13125
大通創投,2023/02/28,1120200008,6234,管理費,112.02月和通國際管理費,,借,"1,264,166",吳芷寧,2023/03/03,1264166,
大通創投,2023/02/28,1120200008,622201,稅捐-管理費,112.02月和通國際管理費-Tax5%,,借,"63,208",吳芷寧,2023/03/03,63208,
大通創投,2023/02/28,1120200008,2141,應付管理費,112.02月和通國際管理費,,貸,"1,327,374",吳芷寧,2023/03/03,,1327374
大通創投,2023/02/24,1120200009,11030125,銀行存款-國泰世華新生044-14-000103-9,112.02月股票出售,,借,"1,841,722",吳芷寧,2023/03/02,1841722,
大通創投,2023/02/24,1120200009,421101,證券出售收入-國內證券,112.02月股票出售,,貸,"1,841,722",吳芷寧,2023/03/02,,1841722
大通創投,2023/02/24,1120200009,521101,證券出售成本-國內證券,112.02月股票出售成本結轉,,借,"1,634,000",吳芷寧,2023/03/02,1634000,
大通創投,2023/02/24,1120200009,111-10,交易目的金融資產-股票-國內,112.02月股票出售成本結轉,,貸,"1,634,000",吳芷寧,2023/03/02,,1634000
大通創投,2023/02/20,1120200010,623601,車馬費-應稅-個人,"112.02.20董事會出席費NT$2,000*3人",,借,"6,000",吳芷寧,2023/03/08,6000,
大通創投,2023/02/20,1120200010,623602,車馬費-應稅-法人,"112.02.20董事會出席費NT$2,000*1人",,借,"2,000",吳芷寧,2023/03/08,2000,
大通創投,2023/02/20,1120200010,128103,暫付款-其他,112.02.20董事會出席費Ref.1120200003,,貸,"8,000",吳芷寧,2023/03/08,,8000
大通創投,2023/02/24,1120200011,117701,應收利息-台幣定存息,估計2月底應收定存息,,借,"25,863",吳芷寧,2023/03/06,25863,
大通創投,2023/02/24,1120200011,424101,利息收入-台幣定存息,估計2月底定存息,,貸,"25,863",吳芷寧,2023/03/06,,25863
大通創投,2023/02/24,1120200012,11030136,銀行存款-華銀城東外幣#108-97-004112-0,112.02月匯率調整,,借,5,吳芷寧,2023/03/07,5,
大通創投,2023/02/24,1120200012,11030134,銀行存款-Stifel68718585,112.02月匯率調整,,貸,94,吳芷寧,2023/03/07,,94
大通創投,2023/02/24,1120200012,11030127,銀行存款-SinoPac#714020300007,112.02月匯率調整,,貸,345,吳芷寧,2023/03/07,,345
大通創投,2023/02/24,1120200012,11030132,銀行存款-彰銀松江優帳戶美金#97528636914600,112.02月匯率調整,,貸,1,吳芷寧,2023/03/07,,1
大通創投,2023/02/24,1120200012,11030131,銀行存款-KGIAsia#10001251689,112.02月匯率調整,,借,33,吳芷寧,2023/03/07,33,
大通創投,2023/02/24,1120200012,7161,兌換利益,112.02月匯率調整,,借,402,吳芷寧,2023/03/07,402,
大通創投,2023/03/01,1120300001,424101,利息收入-台幣定存息,回轉2月底估計利息,,借,"25,863",吳芷寧,2023/03/06,25863,
大通創投,2023/03/01,1120300001,117701,應收利息-台幣定存息,回轉2月底估計利息,,貸,"25,863",吳芷寧,2023/03/06,,25863
大通創投,2023/03/01,1120300002,11030136,銀行存款-華銀城東外幣#108-97-004112-0,回轉112.02月匯率調整,,貸,5,吳芷寧,2023/03/07,,5
大通創投,2023/03/01,1120300002,11030134,銀行存款-Stifel68718585,回轉112.02月匯率調整,,借,94,吳芷寧,2023/03/07,94,
大通創投,2023/03/01,1120300002,11030127,銀行存款-SinoPac#714020300007,回轉112.02月匯率調整,,借,345,吳芷寧,2023/03/07,345,
大通創投,2023/03/01,1120300002,11030132,銀行存款-彰銀松江優帳戶美金#97528636914600,回轉112.02月匯率調整,,借,1,吳芷寧,2023/03/07,1,
大通創投,2023/03/01,1120300002,11030131,銀行存款-KGIAsia#10001251689,回轉112.02月匯率調整,,貸,33,吳芷寧,2023/03/07,,33
大通創投,2023/03/01,1120300002,7161,兌換利益,回轉112.02月匯率調整,,貸,402,吳芷寧,2023/03/07,,402
大通創投,2023/03/07,1120300003,623601,車馬費-應稅-個人,112.02.20董事會出席費(下本董事),,借,"2,000",吳芷寧,2023/03/08,2000,
大通創投,2023/03/07,1120300003,128103,暫付款-其他,112.02.20董事會出席費Ref.1120200003,,貸,"2,000",吳芷寧,2023/03/08,,2000
大通創投,2023/03/07,1120300003,22820102,代收款-代扣款-外國人,112.02.20董事會出席費-代扣稅款6%,,借,120,吳芷寧,2023/03/08,120,
大通創投,2023/03/07,1120300003,22820102,代收款-代扣款-外國人,112.02.20董事會出席費-代扣稅款6%,,貸,120,吳芷寧,2023/03/08,,120
大通創投,2023/03/24,1120300004,6217,廣告費,大通股東常會股東提案公告費用,,借,670,吳芷寧,2023/03/13,670,
大通創投,2023/03/24,1120300004,6215,郵電費,大通股東常會股東提案公告費用-匯費NT$30,,借,30,吳芷寧,2023/03/13,30,
大通創投,2023/03/24,1120300004,11030130,銀行存款-彰銀松江優帳戶台幣#97528636914600,大通股東常會股東提案公告費用+匯費NT$30,,貸,700,吳芷寧,2023/03/13,,700
大通創投,2023/03/24,1120300005,2871,租賃負債-非流動,112.3月臺隆租金費用-沖銷依IFRS16認列租賃,負債,借,"126,581",吳芷寧,2023/03/13,126581,
大通創投,2023/03/24,1120300005,622203,稅捐-租金,112.3月臺隆租金費用-Tax5%,,借,"6,352",吳芷寧,2023/03/13,6352,
大通創投,2023/03/24,1120300005,751102,利息費用-租賃負債,112.3月依IFRS16認列租賃負債沖銷費用,,借,469,吳芷寧,2023/03/13,469,
大通創投,2023/03/24,1120300005,11030130,銀行存款-彰銀松江優帳戶台幣#97528636914600,112.3月臺隆租金費用,,貸,"133,402",吳芷寧,2023/03/13,,133402
大通創投,2023/03/24,1120300005,6224-1,折舊-使用權資產,112.3月依IFRS16認列使用權資產攤提折舊,,借,"124,921",吳芷寧,2023/03/13,124921,
大通創投,2023/03/24,1120300005,1579,累計折舊-使用權資產,112.3月依IFRS16認列使用權資產攤提折舊,,貸,"124,921",吳芷寧,2023/03/13,,124921
大通創投,2023/03/08,1120300006,110608,定期存款-台幣華銀城東(綜存),112/03/08~112/04/08(8)30天利率:0.46%,,借,"20,000,000",吳芷寧,2023/03/15,20000000,
大通創投,2023/03/08,1120300006,11030135,銀行存款-華銀城東台幣(綜存)#108-10-035829-8,定存息轉入活存,,借,"7,667",吳芷寧,2023/03/15,7667,
大通創投,2023/03/08,1120300006,110608,定期存款-台幣華銀城東(綜存),#1532085(5)定存112/03/08到期本金續作,,貸,"20,000,000",吳芷寧,2023/03/15,,20000000
大通創投,2023/03/08,1120300006,424101,利息收入-台幣定存息,"華銀城東112/02/08~112/03/08,定存息利",率:0.46%,貸,"7,667",吳芷寧,2023/03/15,,7667
大通創投,2023/03/08,1120300007,11030135,銀行存款-華銀城東台幣(綜存)#108-10-035829-8,華銀城東(綜存)定存息#151532097,,借,"12,000",吳芷寧,2023/03/15,12000,
大通創投,2023/03/08,1120300007,424101,利息收入-台幣定存息,華銀城東(綜存)定存息#151532097,,貸,"12,000",吳芷寧,2023/03/15,,12000
大通創投,2023/03/10,1120300008,11030125,銀行存款-國泰世華新生044-14-000103-9,福邦證券售股手續費折讓,,借,"1,476",吳芷寧,2023/03/20,1476,
大通創投,2023/03/10,1120300008,4881,其他營業收入,福邦證券售股手續費折讓,,貸,"1,476",吳芷寧,2023/03/20,,1476
大通創投,2023/03/16,1120300009,11030135,銀行存款-華銀城東台幣(綜存)#108-10-035829-8,華銀城東(綜存)定存息#151531201,,借,"8,750",吳芷寧,2023/03/20,8750,
大通創投,2023/03/16,1120300009,424101,利息收入-台幣定存息,華銀城東(綜存)定存息#151531201,,貸,"8,750",吳芷寧,2023/03/20,,8750
大通創投,2023/03/16,1120300009,11030135,銀行存款-華銀城東台幣(綜存)#108-10-035829-8,華銀城東(綜存)定存息#151531212,,借,"6,869",吳芷寧,2023/03/20,6869,
大通創投,2023/03/16,1120300009,424101,利息收入-台幣定存息,華銀城東(綜存)定存息#151531212,,貸,"6,869",吳芷寧,2023/03/20,,6869
大通創投,2023/03/16,1120300009,11030135,銀行存款-華銀城東台幣(綜存)#108-10-035829-8,華銀城東(綜存)定存息#151531224,,借,"13,125",吳芷寧,2023/03/20,13125,
大通創投,2023/03/16,1120300009,424101,利息收入-台幣定存息,華銀城東(綜存)定存息#151531224,,貸,"13,125",吳芷寧,2023/03/20,,13125
大通創投,2023/03/01,1120300010,623802,勞務支出-應稅-會計師,安侯建業會計師112.1Q財稅報查核公費,,借,"103,250",吳芷寧,2023/03/28,103250,
大通創投,2023/03/01,1120300010,2176,應付勞務費,安侯建業會計師112.1Q財稅報查核公費,,貸,"103,250",吳芷寧,2023/03/28,,103250
大通創投,2023/03/31,1120300011,6234,管理費,112.03月和通國際管理費,,借,"1,264,167",吳芷寧,2023/03/28,1264167,
大通創投,2023/03/31,1120300011,622201,稅捐-管理費,112.03月和通國際管理費-Tax5%,,借,"63,209",吳芷寧,2023/03/28,63209,
大通創投,2023/03/31,1120300011,2141,應付管理費,112.03月和通國際管理費,,貸,"1,327,376",吳芷寧,2023/03/28,,1327376
大通創投,2023/03/31,1120300012,11030105,銀行存款-華銀城東#108105000493,112.03月股票出售,,借,"5,029,055",吳芷寧,2023/04/13,5029055,
大通創投,2023/03/31,1120300012,11030119,銀行存款-元大南京東路363-21-67785-3-0,112.03月股票出售,,借,"4,548,784",吳芷寧,2023/04/13,4548784,
大通創投,2023/03/31,1120300012,114301,應收帳款-出售證券,"112.03月股票出售-來頡169,000股",,借,"27,898,013",吳芷寧,2023/04/13,27898013,
大通創投,2023/03/31,1120300012,421101,證券出售收入-國內證券,112.03月股票出售,,貸,"7,965,007",吳芷寧,2023/04/13,,7965007
大通創投,2023/03/31,1120300012,421201,長期證券出售收入-國內公司,112.03月股票出售,,貸,"29,510,845",吳芷寧,2023/04/13,,29510845
大通創投,2023/03/31,1120300012,521101,證券出售成本-國內證券,112.03月股票出售成本結轉,,借,"6,899,706",吳芷寧,2023/04/13,6899706,
大通創投,2023/03/31,1120300012,521201,長期證券出售成本-國內公司,112.03月股票出售成本結轉,,借,"16,664,900",吳芷寧,2023/04/13,16664900,
大通創投,2023/03/31,1120300012,111-10,交易目的金融資產-股票-國內,112.03月股票出售成本結轉,,貸,"6,899,706",吳芷寧,2023/04/13,,6899706
大通創投,2023/03/31,1120300012,1461,指定公平價值變動列入損益之金融資產-國內-非流動,112.03月股票出售成本結轉,,貸,"16,664,900",吳芷寧,2023/04/13,,16664900
大通創投,2023/03/30,1120300013,3351,累計盈虧,111年度盈餘分配-提列法定盈餘公積(112.3.3,0股東會),借,"8,615,424",吳芷寧,2023/03/31,8615424,
大通創投,2023/03/30,1120300013,3311,法定盈餘公積,111年度盈餘分配-提列法定盈餘公積(112.3.3,0股東會),貸,"8,615,424",吳芷寧,2023/03/31,,8615424
大通創投,2023/03/31,1120300014,117701,應收利息-台幣定存息,估計3月底應收定存息,,借,"37,332",吳芷寧,2023/04/10,37332,
大通創投,2023/03/31,1120300014,424101,利息收入-台幣定存息,估計3月底定存息,,貸,"37,332",吳芷寧,2023/04/10,,37332
大通創投,2023/03/31,1120300015,11030136,銀行存款-華銀城東外幣#108-97-004112-0,112.03月匯率調整,,借,4,吳芷寧,2023/04/10,4,
大通創投,2023/03/31,1120300015,11030134,銀行存款-Stifel68718585,112.03月匯率調整,,貸,95,吳芷寧,2023/04/10,,95
大通創投,2023/03/31,1120300015,11030127,銀行存款-SinoPac#714020300007,112.03月匯率調整,,貸,349,吳芷寧,2023/04/10,,349
大通創投,2023/03/31,1120300015,11030132,銀行存款-彰銀松江優帳戶美金#97528636914600,112.03月匯率調整,,貸,1,吳芷寧,2023/04/10,,1
大通創投,2023/03/31,1120300015,11030131,銀行存款-KGIAsia#10001251689,112.03月匯率調整,,借,32,吳芷寧,2023/04/10,32,
大通創投,2023/03/31,1120300015,7161,兌換利益,112.03月匯率調整,,借,409,吳芷寧,2023/04/10,409,
大通創投,2023/03/31,1120300016,111-19,交易目的金融資產評價調整,112.1Q-HFT評價損益,,借,"9,009,622",吳芷寧,2023/04/11,9009622,
大通創投,2023/03/31,1120300016,4224,金融資產(負債)評價利益-HFT,112.1Q-HFT評價損益,,貸,"9,009,622",吳芷寧,2023/04/11,,9009622
大通創投,2023/04/10,1120400001,11030105,銀行存款-華銀城東#108105000493,凱基證券售股手續費折讓,,借,"16,536",吳芷寧,2023/04/25,16536,
大通創投,2023/04/10,1120400001,4881,其他營業收入,凱基證券售股手續費折讓,,貸,"16,536",吳芷寧,2023/04/25,,16536
大通創投,2023/04/10,1120400002,11030135,銀行存款-華銀城東台幣(綜存)#108-10-035829-8,華銀城東(綜存)定存息#151532097,,借,"13,065",吳芷寧,2023/04/25,13065,
大通創投,2023/04/10,1120400002,424101,利息收入-台幣定存息,華銀城東(綜存)定存息#151532097,,貸,"13,065",吳芷寧,2023/04/25,,13065
大通創投,2023/04/10,1120400003,110608,定期存款-台幣華銀城東(綜存),112/04/08~112/05/08(14)30天利率:0.585%,,借,"20,000,000",吳芷寧,2023/04/26,20000000,
大通創投,2023/04/10,1120400003,11030135,銀行存款-華銀城東台幣(綜存)#108-10-035829-8,定存息轉入活存,,借,"8,473",吳芷寧,2023/04/26,8473,
大通創投,2023/04/10,1120400003,110608,定期存款-台幣華銀城東(綜存),#1532085(8)定存112/04/08到期本金續作,,貸,"20,000,000",吳芷寧,2023/04/26,,20000000
大通創投,2023/04/10,1120400003,424101,利息收入-台幣定存息,"華銀城東112/03/08~112/04/08,定存息利",率:0.585%,貸,"8,473",吳芷寧,2023/04/26,,8473
大通創投,2023/04/10,1120400004,11030135,銀行存款-華銀城東台幣(綜存)#108-10-035829-8,華銀城東(綜存)定存息#151531201,,借,"9,825",吳芷寧,2023/04/26,9825,
大通創投,2023/04/10,1120400004,424101,利息收入-台幣定存息,華銀城東(綜存)定存息#151531201,,貸,"9,825",吳芷寧,2023/04/26,,9825
大通創投,2023/04/10,1120400004,11030135,銀行存款-華銀城東台幣(綜存)#108-10-035829-8,華銀城東(綜存)定存息#151531212,,借,"7,713",吳芷寧,2023/04/26,7713,
大通創投,2023/04/10,1120400004,424101,利息收入-台幣定存息,華銀城東(綜存)定存息#151531212,,貸,"7,713",吳芷寧,2023/04/26,,7713
大通創投,2023/04/10,1120400004,11030135,銀行存款-華銀城東台幣(綜存)#108-10-035829-8,華銀城東(綜存)定存息#151531224,,借,"14,738",吳芷寧,2023/04/26,14738,
大通創投,2023/04/10,1120400004,424101,利息收入-台幣定存息,華銀城東(綜存)定存息#151531224,,貸,"14,738",吳芷寧,2023/04/26,,14738
大通創投,2023/04/10,1120400005,11030119,銀行存款-元大南京東路363-21-67785-3-0,元大證券售股手續費折讓,,借,"3,198",吳芷寧,2023/05/03,3198,
大通創投,2023/04/10,1120400005,4881,其他營業收入,元大證券售股手續費折讓,,貸,"3,198",吳芷寧,2023/05/03,,3198
大通創投,2023/04/14,1120400006,11030135,銀行存款-華銀城東台幣(綜存)#108-10-035829-8,銀行資金調撥華銀城東→華銀綜存,,借,"33,100,000",吳芷寧,2023/04/07,33100000,
大通創投,2023/04/14,1120400006,11030105,銀行存款-華銀城東#108105000493,銀行資金調撥華銀城東→華銀綜存,,貸,"33,100,000",吳芷寧,2023/04/07,,33100000
大通創投,2023/04/14,1120400006,11030135,銀行存款-華銀城東台幣(綜存)#108-10-035829-8,銀行資金調撥國泰新生→華銀綜存,,借,"1,800,000",吳芷寧,2023/04/07,1800000,
大通創投,2023/04/14,1120400006,6215,郵電費,銀行資金調撥國泰新生→華銀綜存-匯費,,借,30,吳芷寧,2023/04/07,30,
大通創投,2023/04/14,1120400006,11030125,銀行存款-國泰世華新生044-14-000103-9,銀行資金調撥國泰新生→華銀綜存+匯費,,貸,"1,800,030",吳芷寧,2023/04/07,,1800030
大通創投,2023/04/14,1120400006,11030135,銀行存款-華銀城東台幣(綜存)#108-10-035829-8,銀行資金調撥元大南京→華銀綜存,,借,"4,550,000",吳芷寧,2023/04/07,4550000,
大通創投,2023/04/14,1120400006,6215,郵電費,銀行資金調撥元大南京→華銀綜存-匯費,,借,60,吳芷寧,2023/04/07,60,
大通創投,2023/04/14,1120400006,11030119,銀行存款-元大南京東路363-21-67785-3-0,銀行資金調撥元大南京→華銀綜存+匯費,,貸,"4,550,060",吳芷寧,2023/04/07,,4550060
大通創投,2023/04/14,1120400007,2141,應付管理費,112.1Q和通國際管理費,,借,"3,982,124",吳芷寧,2023/04/07,3982124,
大通創投,2023/04/14,1120400007,6234,管理費,112.2Q和通國際管理費,,借,"3,792,499",吳芷寧,2023/04/07,3792499,
大通創投,2023/04/14,1120400007,622201,稅捐-管理費,112.2Q和通國際管理費5%,,借,"189,625",吳芷寧,2023/04/07,189625,
大通創投,2023/04/14,1120400007,2142,應付獎勵金,111年獎勵金,,借,"27,800,083",吳芷寧,2023/04/07,27800083,
大通創投,2023/04/14,1120400007,6215,郵電費,112.1Q-2Q和通國際管理費及111年獎勵金-匯,費,借,370,吳芷寧,2023/04/07,370,
大通創投,2023/04/14,1120400007,11030135,銀行存款-華銀城東台幣(綜存)#108-10-035829-8,112.1Q-2Q和通國際管理費及111年獎勵金+匯,費,貸,"35,764,701",吳芷寧,2023/04/07,,35764701
大通創投,2023/04/14,1120400008,110608,定期存款-台幣華銀城東(綜存),(13)112/04/14~112/07/1490天利率:0.59%,,借,"3,600,000",吳芷寧,2023/04/07,3600000,
大通創投,2023/04/14,1120400008,11030135,銀行存款-華銀城東台幣(綜存)#108-10-035829-8,活存轉作定存至112/07/14,,貸,"3,600,000",吳芷寧,2023/04/07,,3600000
大通創投,2023/04/14,1120400009,62880204,其他費用-免稅-會議費用,112年股東會紀念品,,借,800,吳芷寧,2023/04/07,800,
大通創投,2023/04/14,1120400009,11030130,銀行存款-彰銀松江優帳戶台幣#97528636914600,112年股東會紀念品,,貸,800,吳芷寧,2023/04/07,,800
大通創投,2023/04/06,1120400010,424101,利息收入-台幣定存息,回轉3月底估計利息,,借,"37,332",吳芷寧,2023/04/10,37332,
大通創投,2023/04/06,1120400010,117701,應收利息-台幣定存息,回轉3月底估計利息,,貸,"37,332",吳芷寧,2023/04/10,,37332
大通創投,2023/04/06,1120400011,11030136,銀行存款-華銀城東外幣#108-97-004112-0,回轉112.03月匯率調整,,貸,4,吳芷寧,2023/04/10,,4
大通創投,2023/04/06,1120400011,11030134,銀行存款-Stifel68718585,回轉112.03月匯率調整,,借,95,吳芷寧,2023/04/10,95,
大通創投,2023/04/06,1120400011,11030127,銀行存款-SinoPac#714020300007,回轉112.03月匯率調整,,借,349,吳芷寧,2023/04/10,349,
大通創投,2023/04/06,1120400011,11030132,銀行存款-彰銀松江優帳戶美金#97528636914600,回轉112.03月匯率調整,,借,1,吳芷寧,2023/04/10,1,
大通創投,2023/04/06,1120400011,11030131,銀行存款-KGIAsia#10001251689,回轉112.03月匯率調整,,貸,32,吳芷寧,2023/04/10,,32
大通創投,2023/04/06,1120400011,7161,兌換利益,回轉112.03月匯率調整,,貸,409,吳芷寧,2023/04/10,,409
大通創投,2023/04/26,1120400012,2871,租賃負債-非流動,112.4月臺隆租金費用-沖銷依IFRS16認列租賃,負債,借,"126,659",吳芷寧,2023/04/18,126659,
大通創投,2023/04/26,1120400012,622203,稅捐-租金,112.4月臺隆租金費用-Tax5%,,借,"6,352",吳芷寧,2023/04/18,6352,
大通創投,2023/04/26,1120400012,751102,利息費用-租賃負債,112.4月依IFRS16認列租賃負債沖銷費用,,借,391,吳芷寧,2023/04/18,391,
大通創投,2023/04/26,1120400012,11030130,銀行存款-彰銀松江優帳戶台幣#97528636914600,112.4月臺隆租金費用,,貸,"133,402",吳芷寧,2023/04/18,,133402
大通創投,2023/04/26,1120400012,6224-1,折舊-使用權資產,112.4月依IFRS16認列使用權資產攤提折舊,,借,"124,921",吳芷寧,2023/04/18,124921,
大通創投,2023/04/26,1120400012,1579,累計折舊-使用權資產,112.4月依IFRS16認列使用權資產攤提折舊,,貸,"124,921",吳芷寧,2023/04/18,,124921
大通創投,2023/04/26,1120400013,11030130,銀行存款-彰銀松江優帳戶台幣#97528636914600,銀行資金調撥元大南京→彰銀松江優帳戶,,借,"5,420,000",吳芷寧,2023/04/18,5420000,
大通創投,2023/04/26,1120400013,6215,郵電費,銀行資金調撥元大南京→彰銀松江優帳戶-匯,費,借,70,吳芷寧,2023/04/18,70,
大通創投,2023/04/26,1120400013,11030119,銀行存款-元大南京東路363-21-67785-3-0,銀行資金調撥元大南京→彰銀松江優帳戶+匯,費,貸,"5,420,070",吳芷寧,2023/04/18,,5420070
大通創投,2023/04/26,1120400014,110607,定期存款-台幣彰銀松江(優帳戶),(16)112/04/26~112/09/26150天利率:0.595,%,借,"5,200,000",吳芷寧,2023/04/18,5200000,
大通創投,2023/04/26,1120400014,11030130,銀行存款-彰銀松江優帳戶台幣#97528636914600,活存轉作定存至112/09/26,,貸,"5,200,000",吳芷寧,2023/04/18,,5200000
大通創投,2023/04/28,1120400015,623803,勞務支出-應稅-律師,正源國際法律諮詢費用(股東常會議程稿審閱,及股東會列席),借,"7,500",吳芷寧,2023/04/24,7500,
大通創投,2023/04/28,1120400015,6215,郵電費,正源國際法律諮詢費用-匯費NT$30,,借,30,吳芷寧,2023/04/24,30,
大通創投,2023/04/28,1120400015,11030130,銀行存款-彰銀松江優帳戶台幣#97528636914600,正源國際法律諮詢費用+匯費NT$30,,貸,"7,530",吳芷寧,2023/04/24,,7530
大通創投,2023/04/28,1120400015,22820104,代收款-代扣款-律師,沖正源國際法律諮詢費用-代扣稅款10%,,借,750,吳芷寧,2023/04/24,750,
大通創投,2023/04/28,1120400015,22820104,代收款-代扣款-律師,正源國際法律諮詢費用-代扣稅款10%,,貸,750,吳芷寧,2023/04/24,,750
大通創投,2023/04/21,1120400016,11030130,銀行存款-彰銀松江優帳戶台幣#97528636914600,110年營所稅退稅款,,借,"1,155,765",吳芷寧,2023/04/26,1155765,
大通創投,2023/04/21,1120400016,1164,應收退稅款,110年營所稅退稅款Ref.1110600005,,貸,"1,155,765",吳芷寧,2023/04/26,,1155765
大通創投,2023/04/28,1120400017,11030119,銀行存款-元大南京東路363-21-67785-3-0,112.04月股票出售,,借,"5,423,894",吳芷寧,2023/05/03,5423894,
大通創投,2023/04/28,1120400017,421101,證券出售收入-國內證券,112.04月股票出售,,貸,"5,423,894",吳芷寧,2023/05/03,,5423894
大通創投,2023/04/28,1120400017,521101,證券出售成本-國內證券,112.04月股票出售成本結轉,,借,"4,485,378",吳芷寧,2023/05/03,4485378,
大通創投,2023/04/28,1120400017,111-10,交易目的金融資產-股票-國內,112.04月股票出售成本結轉,,貸,"4,485,378",吳芷寧,2023/05/03,,4485378
大通創投,2023/04/28,1120400017,11030105,銀行存款-華銀城東#108105000493,"112.03月股票出售-來頡169,000股Ref.1120",300012,借,"27,898,013",吳芷寧,2023/05/03,27898013,
大通創投,2023/04/28,1120400017,114301,應收帳款-出售證券,"112.03月股票出售-來頡169,000股Ref.1120",300012,貸,"27,898,013",吳芷寧,2023/05/03,,27898013
大通創投,2023/04/28,1120400018,117701,應收利息-台幣定存息,估計4月底應收定存息,,借,"36,872",吳芷寧,2023/05/03,36872,
大通創投,2023/04/28,1120400018,424101,利息收入-台幣定存息,估計4月底定存息,,貸,"36,872",吳芷寧,2023/05/03,,36872
大通創投,2023/04/28,1120400019,11030136,銀行存款-華銀城東外幣#108-97-004112-0,112.04月匯率調整,,借,8,吳芷寧,2023/05/03,8,
大通創投,2023/04/28,1120400019,11030134,銀行存款-Stifel68718585,112.04月匯率調整,,貸,83,吳芷寧,2023/05/03,,83
大通創投,2023/04/28,1120400019,11030127,銀行存款-SinoPac#714020300007,112.04月匯率調整,,貸,323,吳芷寧,2023/05/03,,323
大通創投,2023/04/28,1120400019,11030132,銀行存款-彰銀松江優帳戶美金#97528636914600,112.04月匯率調整,,貸,1,吳芷寧,2023/05/03,,1
大通創投,2023/04/28,1120400019,11030131,銀行存款-KGIAsia#10001251689,112.04月匯率調整,,借,40,吳芷寧,2023/05/03,40,
大通創投,2023/04/28,1120400019,7161,兌換利益,112.04月匯率調整,,借,359,吳芷寧,2023/05/03,359,
大通創投,2023/05/02,1120500001,424101,利息收入-台幣定存息,回轉4月底估計利息,,借,"36,872",吳芷寧,2023/05/03,36872,
大通創投,2023/05/02,1120500001,117701,應收利息-台幣定存息,回轉4月底估計利息,,貸,"36,872",吳芷寧,2023/05/03,,36872
大通創投,2023/05/02,1120500002,11030136,銀行存款-華銀城東外幣#108-97-004112-0,回轉112.04月匯率調整,,貸,8,吳芷寧,2023/05/03,,8
大通創投,2023/05/02,1120500002,11030134,銀行存款-Stifel68718585,回轉112.04月匯率調整,,借,83,吳芷寧,2023/05/03,83,
大通創投,2023/05/02,1120500002,11030127,銀行存款-SinoPac#714020300007,回轉112.04月匯率調整,,借,323,吳芷寧,2023/05/03,323,
大通創投,2023/05/02,1120500002,11030132,銀行存款-彰銀松江優帳戶美金#97528636914600,回轉112.04月匯率調整,,借,1,吳芷寧,2023/05/03,1,
大通創投,2023/05/02,1120500002,11030131,銀行存款-KGIAsia#10001251689,回轉112.04月匯率調整,,貸,40,吳芷寧,2023/05/03,,40
大通創投,2023/05/02,1120500002,7161,兌換利益,回轉112.04月匯率調整,,貸,359,吳芷寧,2023/05/03,,359
大通創投,2023/05/10,1120500003,128103,暫付款-其他,"112.05.11董事會出席費NT$2,000*5人",,借,"10,000",吳芷寧,2023/05/04,10000,
大通創投,2023/05/10,1120500003,6215,郵電費,112.05.11董事會出席費-手續費NT$30,,借,30,吳芷寧,2023/05/04,30,
大通創投,2023/05/10,1120500003,11030130,銀行存款-彰銀松江優帳戶台幣#97528636914600,"112.05.11董事會出席費NT$2,000*4人",,貸,"8,000",吳芷寧,2023/05/04,,8000
大通創投,2023/05/10,1120500003,11030130,銀行存款-彰銀松江優帳戶台幣#97528636914600,"112.05.11董事會出席費NT$2,000*1人+手續費",NT$30,貸,"2,030",吳芷寧,2023/05/04,,2030
大通創投,2023/05/11,1120500004,623601,車馬費-應稅-個人,"112.05.11董事會出席費NT$2,000*4人",,借,"8,000",吳芷寧,2023/05/12,8000,
大通創投,2023/05/11,1120500004,623602,車馬費-應稅-法人,"112.05.11董事會出席費NT$2,000*1人",,借,"2,000",吳芷寧,2023/05/12,2000,
大通創投,2023/05/11,1120500004,128103,暫付款-其他,112.05.11董事會出席費Ref.1120500003,,貸,"10,000",吳芷寧,2023/05/12,,10000
大通創投,2023/05/11,1120500004,22820102,代收款-代扣款-外國人,112.05.11董事會出席費-代扣稅款6%,,借,120,吳芷寧,2023/05/12,120,
大通創投,2023/05/11,1120500004,22820102,代收款-代扣款-外國人,沖112.05.11董事會出席費-代扣稅款6%,,貸,120,吳芷寧,2023/05/12,,120
大通創投,2023/05/25,1120500005,2871,租賃負債-非流動,112.5月臺隆租金費用-沖銷依IFRS16認列租賃,負債,借,"126,737",吳芷寧,2023/05/16,126737,
大通創投,2023/05/25,1120500005,622203,稅捐-租金,112.5月臺隆租金費用-Tax5%,,借,"6,352",吳芷寧,2023/05/16,6352,
大通創投,2023/05/25,1120500005,751102,利息費用-租賃負債,112.5月依IFRS16認列租賃負債沖銷費用,,借,313,吳芷寧,2023/05/16,313,
大通創投,2023/05/25,1120500005,11030130,銀行存款-彰銀松江優帳戶台幣#97528636914600,112.5月臺隆租金費用,,貸,"133,402",吳芷寧,2023/05/16,,133402
大通創投,2023/05/25,1120500005,6224-1,折舊-使用權資產,112.5月依IFRS16認列使用權資產攤提折舊,,借,"124,921",吳芷寧,2023/05/16,124921,
大通創投,2023/05/25,1120500005,1579,累計折舊-使用權資產,112.5月依IFRS16認列使用權資產攤提折舊,,貸,"124,921",吳芷寧,2023/05/16,,124921
大通創投,2023/05/08,1120500006,110608,定期存款-台幣華銀城東(綜存),112/05/08~112/08/08(17)90天利率:0.59%,,借,"30,000,000",吳芷寧,2023/05/22,30000000,
大通創投,2023/05/08,1120500006,11030135,銀行存款-華銀城東台幣(綜存)#108-10-035829-8,定存息轉入活存,,借,"14,750",吳芷寧,2023/05/22,14750,
大通創投,2023/05/08,1120500006,110608,定期存款-台幣華銀城東(綜存),#1532097(6)定存112/05/08到期本金續作,,貸,"30,000,000",吳芷寧,2023/05/22,,30000000
大通創投,2023/05/08,1120500006,424101,利息收入-台幣定存息,"華銀城東112/02/08~112/05/08,定存息利",率:0.59%,貸,"14,750",吳芷寧,2023/05/22,,14750
大通創投,2023/05/08,1120500007,110608,定期存款-台幣華銀城東(綜存),112/05/08~112/06/08(18)30天利率:0.585%,,借,"20,000,000",吳芷寧,2023/05/22,20000000,
大通創投,2023/05/08,1120500007,11030135,銀行存款-華銀城東台幣(綜存)#108-10-035829-8,定存息轉入活存,,借,"9,750",吳芷寧,2023/05/22,9750,
大通創投,2023/05/08,1120500007,110608,定期存款-台幣華銀城東(綜存),#1532085(14)定存112/05/08到期本金續作,,貸,"20,000,000",吳芷寧,2023/05/22,,20000000
大通創投,2023/05/08,1120500007,424101,利息收入-台幣定存息,"華銀城東112/04/08~112/05/08,定存息利",率:0.585%,貸,"9,750",吳芷寧,2023/05/22,,9750
大通創投,2023/05/15,1120500008,11030135,銀行存款-華銀城東台幣(綜存)#108-10-035829-8,華銀城東(綜存)定存息#151533950,,借,"1,770",吳芷寧,2023/05/22,1770,
大通創投,2023/05/15,1120500008,424104,利息收入-活存息,華銀城東(綜存)定存息#151533950,,貸,"1,770",吳芷寧,2023/05/22,,1770
大通創投,2023/05/15,1120500009,11030119,銀行存款-元大南京東路363-21-67785-3-0,元大證券售股手續費折讓,,借,"3,813",吳芷寧,2023/05/22,3813,
大通創投,2023/05/15,1120500009,4881,其他營業收入,元大證券售股手續費折讓,,貸,"3,813",吳芷寧,2023/05/22,,3813
大通創投,2023/05/31,1120500010,11030135,銀行存款-華銀城東台幣(綜存)#108-10-035829-8,定存解約存入華銀城東,,借,"3,600,000",吳芷寧,2023/05/23,3600000,
大通創投,2023/05/31,1120500010,110608,定期存款-台幣華銀城東(綜存),#1533950(13)定存112/05/31解約存入活存,,貸,"3,600,000",吳芷寧,2023/05/23,,3600000
大通創投,2023/05/31,1120500011,8113,所得稅費用-未分配盈餘,111年度未分配盈餘加徵5%,,借,"3,876,940",吳芷寧,2023/05/25,3876940,
大通創投,2023/05/31,1120500011,2162,應付所得稅-未分配盈餘,111年度未分配盈餘加徵5%,,貸,"3,876,940",吳芷寧,2023/05/25,,3876940
大通創投,2023/05/31,1120500012,2162,應付所得稅-未分配盈餘,110年度未分配盈餘加徵5%,,借,"3,931,498",吳芷寧,2023/05/25,3931498,
大通創投,2023/05/31,1120500012,1257,預付所得稅,華銀城東定存息10%稅款,,貸,"5,832",吳芷寧,2023/05/25,,5832
大通創投,2023/05/31,1120500012,11030135,銀行存款-華銀城東台幣(綜存)#108-10-035829-8,110年度未分配盈餘加徵5%,,貸,"3,925,666",吳芷寧,2023/05/25,,3925666
大通創投,2023/05/16,1120500013,11030135,銀行存款-華銀城東台幣(綜存)#108-10-035829-8,華銀城東(綜存)定存息#151531201,,借,"10,417",吳芷寧,2023/05/31,10417,
大通創投,2023/05/16,1120500013,424101,利息收入-台幣定存息,華銀城東(綜存)定存息#151531201,,貸,"10,417",吳芷寧,2023/05/31,,10417
大通創投,2023/05/16,1120500013,11030135,銀行存款-華銀城東台幣(綜存)#108-10-035829-8,華銀城東(綜存)定存息#151531212,,借,"8,177",吳芷寧,2023/05/31,8177,
大通創投,2023/05/16,1120500013,424101,利息收入-台幣定存息,華銀城東(綜存)定存息#151531212,,貸,"8,177",吳芷寧,2023/05/31,,8177
大通創投,2023/05/16,1120500013,11030135,銀行存款-華銀城東台幣(綜存)#108-10-035829-8,華銀城東(綜存)定存息#151531224,,借,"15,625",吳芷寧,2023/05/31,15625,
大通創投,2023/05/16,1120500013,424101,利息收入-台幣定存息,華銀城東(綜存)定存息#151531224,,貸,"15,625",吳芷寧,2023/05/31,,15625
大通創投,2023/05/31,1120500014,11030135,銀行存款-華銀城東台幣(綜存)#108-10-035829-8,"調整#(13)華銀城東112/04/13~112/05/31,定",存息利率:0.59%,借,449,吳芷寧,2023/06/08,449,
大通創投,2023/05/31,1120500014,424101,利息收入-台幣定存息,調整#華銀城東定存息少估Ref.1120500010,,貸,449,吳芷寧,2023/06/08,,449
大通創投,2023/05/26,1120500015,11030130,銀行存款-彰銀松江優帳戶台幣#97528636914600,彰銀松江(優帳戶)定存息#06-2-0398,,借,"2,578",吳芷寧,2023/06/07,2578,
大通創投,2023/05/26,1120500015,424101,利息收入-台幣定存息,彰銀松江(優帳戶)定存息#06-2-0398,,貸,"2,578",吳芷寧,2023/06/07,,2578
大通創投,2023/05/31,1120500016,11030136,銀行存款-華銀城東外幣#108-97-004112-0,112.05月匯率調整,,借,8,吳芷寧,2023/06/07,8,
大通創投,2023/05/31,1120500016,11030134,銀行存款-Stifel68718585,112.05月匯率調整,,貸,83,吳芷寧,2023/06/07,,83
大通創投,2023/05/31,1120500016,11030127,銀行存款-SinoPac#714020300007,112.05月匯率調整,,貸,316,吳芷寧,2023/06/07,,316
大通創投,2023/05/31,1120500016,11030132,銀行存款-彰銀松江優帳戶美金#97528636914600,112.05月匯率調整,,貸,1,吳芷寧,2023/06/07,,1
大通創投,2023/05/31,1120500016,11030131,銀行存款-KGIAsia#10001251689,112.05月匯率調整,,借,43,吳芷寧,2023/06/07,43,
大通創投,2023/05/31,1120500016,7161,兌換利益,112.05月匯率調整,,借,349,吳芷寧,2023/06/07,349,
大通創投,2023/05/31,1120500017,117701,應收利息-台幣定存息,估計5月底應收定存息,,借,"37,840",吳芷寧,2023/06/07,37840,
大通創投,2023/05/31,1120500017,424101,利息收入-台幣定存息,估計5月底定存息,,貸,"37,840",吳芷寧,2023/06/07,,37840
大通創投,2023/06/01,1120600001,11030136,銀行存款-華銀城東外幣#108-97-004112-0,回轉112.05月匯率調整,,貸,8,吳芷寧,2023/06/07,,8
大通創投,2023/06/01,1120600001,11030134,銀行存款-Stifel68718585,回轉112.05月匯率調整,,借,83,吳芷寧,2023/06/07,83,
大通創投,2023/06/01,1120600001,11030127,銀行存款-SinoPac#714020300007,回轉112.05月匯率調整,,借,316,吳芷寧,2023/06/07,316,
大通創投,2023/06/01,1120600001,11030132,銀行存款-彰銀松江優帳戶美金#97528636914600,回轉112.05月匯率調整,,借,1,吳芷寧,2023/06/07,1,
大通創投,2023/06/01,1120600001,11030131,銀行存款-KGIAsia#10001251689,回轉112.05月匯率調整,,貸,43,吳芷寧,2023/06/07,,43
大通創投,2023/06/01,1120600001,7161,兌換利益,回轉112.05月匯率調整,,貸,349,吳芷寧,2023/06/07,,349
大通創投,2023/06/01,1120600002,424101,利息收入-台幣定存息,回轉5月底估計利息,,借,"37,840",吳芷寧,2023/06/07,37840,
大通創投,2023/06/01,1120600002,117701,應收利息-台幣定存息,回轉5月底估計利息,,貸,"37,840",吳芷寧,2023/06/07,,37840
大通創投,2023/06/08,1120600003,110608,定期存款-台幣華銀城東(綜存),112/06/08~112/07/08(19)30天利率:0.585%,,借,"20,000,000",吳芷寧,2023/06/08,20000000,
大通創投,2023/06/08,1120600003,110608,定期存款-台幣華銀城東(綜存),#1532085(18)定存112/06/08到期本金續作,,貸,"20,000,000",吳芷寧,2023/06/08,,20000000
大通創投,2023/06/08,1120600003,11030135,銀行存款-華銀城東台幣(綜存)#108-10-035829-8,定存息轉入活存,,借,"9,750",吳芷寧,2023/06/08,9750,
大通創投,2023/06/08,1120600003,424101,利息收入-台幣定存息,"華銀城東112/05/08~112/06/08,定存息利",率:0.585%,貸,"9,750",吳芷寧,2023/06/08,,9750
大通創投,2023/06/08,1120600004,11030135,銀行存款-華銀城東台幣(綜存)#108-10-035829-8,華銀城東(綜存)定存息#151532097,,借,"14,750",吳芷寧,2023/06/08,14750,
大通創投,2023/06/08,1120600004,424104,利息收入-活存息,華銀城東(綜存)定存息#151532097,,貸,"14,750",吳芷寧,2023/06/08,,14750
大通創投,2023/06/26,1120600005,2871,租賃負債-非流動,112.6月臺隆租金費用-沖銷依IFRS16認列租賃,負債,借,"126,815",吳芷寧,2023/06/13,126815,
大通創投,2023/06/26,1120600005,622203,稅捐-租金,112.6月臺隆租金費用-Tax5%,,借,"6,352",吳芷寧,2023/06/13,6352,
大通創投,2023/06/26,1120600005,751102,利息費用-租賃負債,112.6月依IFRS16認列租賃負債沖銷費用,,借,235,吳芷寧,2023/06/13,235,
大通創投,2023/06/26,1120600005,11030130,銀行存款-彰銀松江優帳戶台幣#97528636914600,112.6月臺隆租金費用,,貸,"133,402",吳芷寧,2023/06/13,,133402
大通創投,2023/06/26,1120600005,6224-1,折舊-使用權資產,112.6月依IFRS16認列使用權資產攤提折舊,,借,"124,921",吳芷寧,2023/06/13,124921,
大通創投,2023/06/26,1120600005,1579,累計折舊-使用權資產,112.6月依IFRS16認列使用權資產攤提折舊,,貸,"124,921",吳芷寧,2023/06/13,,124921
大通創投,2023/06/26,1120600006,62880205,其他費用-免稅-規費及股票費用,111.12.01-112.05.31中國信託股票保管費用,,借,"10,000",吳芷寧,2023/06/13,10000,
大通創投,2023/06/26,1120600006,6215,郵電費,中國信託股票保管費用-匯費NT$30,,借,30,吳芷寧,2023/06/13,30,
大通創投,2023/06/26,1120600006,11030130,銀行存款-彰銀松江優帳戶台幣#97528636914600,111.12.01-112.05.31中國信託股票保管費用+,匯費NT$30,貸,"10,030",吳芷寧,2023/06/13,,10030
大通創投,2023/06/19,1120600007,11030135,銀行存款-華銀城東台幣(綜存)#108-10-035829-8,銀行資金調撥華銀城東→華銀綜存,,借,"30,460,000",吳芷寧,2023/06/13,30460000,
大通創投,2023/06/19,1120600007,11030105,銀行存款-華銀城東#108105000493,銀行資金調撥華銀城東→華銀綜存,,貸,"30,460,000",吳芷寧,2023/06/13,,30460000
大通創投,2023/06/19,1120600008,110608,定期存款-台幣華銀城東(綜存),(20)112/06/19~112/09/1990天利率:1.16%,,借,"2,900,000",吳芷寧,2023/06/13,2900000,
大通創投,2023/06/19,1120600008,11030135,銀行存款-華銀城東台幣(綜存)#108-10-035829-8,活存轉作定存至112/09/19,,貸,"2,900,000",吳芷寧,2023/06/13,,2900000
大通創投,2023/06/20,1120600009,110608,定期存款-台幣華銀城東(綜存),(23)112/06/20~112/09/2090天利率:0.59%,,借,"4,000,000",吳芷寧,2023/06/13,4000000,
大通創投,2023/06/20,1120600009,11030135,銀行存款-華銀城東台幣(綜存)#108-10-035829-8,活存轉作定存至112/09/20,,貸,"4,000,000",吳芷寧,2023/06/13,,4000000
大通創投,2023/06/20,1120600010,110608,定期存款-台幣華銀城東(綜存),(24)112/06/20~112/07/2030天利率:0.585%,,借,"19,500,000",吳芷寧,2023/06/13,19500000,
大通創投,2023/06/20,1120600010,11030135,銀行存款-華銀城東台幣(綜存)#108-10-035829-8,活存轉作定存至112/07/20,,貸,"19,500,000",吳芷寧,2023/06/13,,19500000
大通創投,2023/06/30,1120600011,2176,應付勞務費,安侯建業會計師111年度稅報查核公費,,借,"150,000",吳芷寧,2023/06/19,150000,
大通創投,2023/06/30,1120600011,11030130,銀行存款-彰銀松江優帳戶台幣#97528636914600,安侯建業會計師111年度稅報查核公費,,貸,"150,000",吳芷寧,2023/06/19,,150000
大通創投,2023/06/30,1120600011,22820103,代收款-代扣款-會計師,安侯建業會計師111年度稅報查核公費-代扣稅,款10%,借,"15,000",吳芷寧,2023/06/19,15000,
大通創投,2023/06/30,1120600011,22820103,代收款-代扣款-會計師,沖安侯建業會計師111年度稅報查核公費-代扣,稅款10%,貸,"15,000",吳芷寧,2023/06/19,,15000
大通創投,2023/06/16,1120600012,11030135,銀行存款-華銀城東台幣(綜存)#108-10-035829-8,華銀城東(綜存)定存息#151531201,,借,"10,417",吳芷寧,2023/06/27,10417,
大通創投,2023/06/16,1120600012,424101,利息收入-台幣定存息,華銀城東(綜存)定存息#151531201,,貸,"10,417",吳芷寧,2023/06/27,,10417
大通創投,2023/06/16,1120600012,11030135,銀行存款-華銀城東台幣(綜存)#108-10-035829-8,華銀城東(綜存)定存息#151531212,,借,"8,177",吳芷寧,2023/06/27,8177,
大通創投,2023/06/16,1120600012,424101,利息收入-台幣定存息,華銀城東(綜存)定存息#151531212,,貸,"8,177",吳芷寧,2023/06/27,,8177
大通創投,2023/06/16,1120600012,11030135,銀行存款-華銀城東台幣(綜存)#108-10-035829-8,華銀城東(綜存)定存息#151531224,,借,"15,625",吳芷寧,2023/06/27,15625,
大通創投,2023/06/16,1120600012,424101,利息收入-台幣定存息,華銀城東(綜存)定存息#151531224,,貸,"15,625",吳芷寧,2023/06/27,,15625
大通創投,2023/06/21,1120600013,11030101,銀行存款-彰銀松江#97520136914200,彰銀松江112.6.21活存息184,,借,184,吳芷寧,2023/06/27,184,
大通創投,2023/06/21,1120600013,424104,利息收入-活存息,彰銀松江112.6.21活存息184,,貸,184,吳芷寧,2023/06/27,,184
大通創投,2023/06/21,1120600013,11030105,銀行存款-華銀城東#108105000493,華銀城東112.6.21活存息159,,借,159,吳芷寧,2023/06/27,159,
大通創投,2023/06/21,1120600013,424104,利息收入-活存息,華銀城東112.6.21活存息159,,貸,159,吳芷寧,2023/06/27,,159
大通創投,2023/06/21,1120600013,11030135,銀行存款-華銀城東台幣(綜存)#108-10-035829-8,"華銀城東(綜存)112.6.21活存息8,268",,借,"8,268",吳芷寧,2023/06/27,8268,
大通創投,2023/06/21,1120600013,424104,利息收入-活存息,"華銀城東(綜存)112.6.21活存息8,268",,貸,"8,268",吳芷寧,2023/06/27,,8268
大通創投,2023/06/21,1120600013,11030119,銀行存款-元大南京東路363-21-67785-3-0,元大南京東路112.6.21活存息91,,借,91,吳芷寧,2023/06/27,91,
大通創投,2023/06/21,1120600013,424104,利息收入-活存息,元大南京東路112.6.21活存息91,,貸,91,吳芷寧,2023/06/27,,91
大通創投,2023/06/21,1120600013,11030110,銀行存款-世華古亭#030-18-805374-9,國泰世華古亭112.6.21活存息1,,借,1,吳芷寧,2023/06/27,1,
大通創投,2023/06/21,1120600013,424104,利息收入-活存息,國泰世華古亭112.6.21活存息1,,貸,1,吳芷寧,2023/06/27,,1
大通創投,2023/06/21,1120600013,11030125,銀行存款-國泰世華新生044-14-000103-9,國泰世華新生112.6.21活存息89,,借,89,吳芷寧,2023/06/27,89,
大通創投,2023/06/21,1120600013,424104,利息收入-活存息,國泰世華新生112.6.21活存息89,,貸,89,吳芷寧,2023/06/27,,89
大通創投,2023/06/21,1120600013,11030126,銀行存款-國泰世華大安020-14-006688-6,國泰世華大安112.6.21活存息2,,借,2,吳芷寧,2023/06/27,2,
大通創投,2023/06/21,1120600013,424104,利息收入-活存息,國泰世華大安112.6.21活存息2,,貸,2,吳芷寧,2023/06/27,,2
大通創投,2023/06/21,1120600013,11030129,銀行存款-國泰世華復興018-14-001008-8,國泰世華復興112.6.21活存息5,,借,5,吳芷寧,2023/06/27,5,
大通創投,2023/06/21,1120600013,424104,利息收入-活存息,國泰世華復興112.6.21活存息5,,貸,5,吳芷寧,2023/06/27,,5
大通創投,2023/06/21,1120600013,11030130,銀行存款-彰銀松江優帳戶台幣#97528636914600,"彰銀松江(優帳戶)112.6.21活存息3,190",,借,"3,190",吳芷寧,2023/06/27,3190,
大通創投,2023/06/21,1120600013,424104,利息收入-活存息,"彰銀松江(優帳戶)112.6.21活存息3,190",,貸,"3,190",吳芷寧,2023/06/27,,3190
大通創投,2023/06/30,1120600014,11030105,銀行存款-華銀城東#108105000493,112.06月股票出售,,借,"30,431,771",吳芷寧,2023/06/29,30431771,
大通創投,2023/06/30,1120600014,421101,證券出售收入-國內證券,112.06月股票出售,,貸,"30,431,771",吳芷寧,2023/06/29,,30431771
大通創投,2023/06/30,1120600014,521101,證券出售成本-國內證券,112.06月股票出售成本結轉,,借,"24,381,000",吳芷寧,2023/06/29,24381000,
大通創投,2023/06/30,1120600014,111-10,交易目的金融資產-股票-國內,112.06月股票出售成本結轉,,貸,"24,381,000",吳芷寧,2023/06/29,,24381000
大通創投,2023/06/30,1120600015,623802,勞務支出-應稅-會計師,安侯建業會計師112.2Q財稅報查核公費,,借,"103,250",吳芷寧,2023/06/30,103250,
大通創投,2023/06/30,1120600015,2176,應付勞務費,安侯建業會計師112.2Q財稅報查核公費,,貸,"103,250",吳芷寧,2023/06/30,,103250
大通創投,2023/06/26,1120600016,11030130,銀行存款-彰銀松江優帳戶台幣#97528636914600,彰銀松江(優帳戶)定存息#06-20398,,借,"2,578",吳芷寧,2023/07/03,2578,
大通創投,2023/06/26,1120600016,424101,利息收入-台幣定存息,彰銀松江(優帳戶)定存息#06-20398,,貸,"2,578",吳芷寧,2023/07/03,,2578
大通創投,2023/06/30,1120600017,117701,應收利息-台幣定存息,估計6月底應收定存息,,借,"41,080",吳芷寧,2023/07/03,41080,
大通創投,2023/06/30,1120600017,424101,利息收入-台幣定存息,估計6月底定存息,,貸,"41,080",吳芷寧,2023/07/03,,41080
大通創投,2023/06/30,1120600018,11030136,銀行存款-華銀城東外幣#108-97-004112-0,112.06月匯率調整,,借,13,吳芷寧,2023/07/03,13,
大通創投,2023/06/30,1120600018,11030134,銀行存款-Stifel68718585,112.06月匯率調整,,貸,67,吳芷寧,2023/07/03,,67
大通創投,2023/06/30,1120600018,11030127,銀行存款-SinoPac#714020300007,112.06月匯率調整,,貸,281,吳芷寧,2023/07/03,,281
大通創投,2023/06/30,1120600018,11030132,銀行存款-彰銀松江優帳戶美金#97528636914600,112.06月匯率調整,,貸,1,吳芷寧,2023/07/03,,1
大通創投,2023/06/30,1120600018,11030131,銀行存款-KGIAsia#10001251689,112.06月匯率調整,,借,54,吳芷寧,2023/07/03,54,
大通創投,2023/06/30,1120600018,7161,兌換利益,112.06月匯率調整,,借,282,吳芷寧,2023/07/03,282,
大通創投,2023/06/30,1120600019,111-19,交易目的金融資產評價調整,回轉112.1Q-HFT評價損益,,貸,"9,009,622",吳芷寧,2023/07/05,,9009622
大通創投,2023/06/30,1120600019,4224,金融資產(負債)評價利益-HFT,回轉112.1Q-HFT評價損益,,借,"9,009,622",吳芷寧,2023/07/05,9009622,
大通創投,2023/06/30,1120600019,1462,指定公平價值變動列入損益之金融資產評價調整,112.2Q-FVTPL評價損益,,借,"10,558,817",吳芷寧,2023/07/05,10558817,
大通創投,2023/06/30,1120600019,4223,金融資產(負債)評價利益-FVTPL,112.2Q-FVTPL評價損益,,貸,"10,558,817",吳芷寧,2023/07/05,,10558817
大通創投,2023/06/30,1120600019,111-19,交易目的金融資產評價調整,112.2Q-HFT評價損益,,貸,"395,700",吳芷寧,2023/07/05,,395700
大通創投,2023/06/30,1120600019,5225,金融資產(負債)評價損失-HFT,112.2Q-HFT評價損益,,借,"395,700",吳芷寧,2023/07/05,395700,
大通創投,2023/06/30,1120600020,6401,獎勵金費用,112.2Q獎勵金費用,,借,"518,357",吳芷寧,2023/07/05,518357,
大通創投,2023/06/30,1120600020,6402,獎勵金費用-稅捐,112.2Q獎勵金費用-Tax5%,,借,"25,918",吳芷寧,2023/07/05,25918,
大通創投,2023/06/30,1120600020,2142,應付獎勵金,112.2Q獎勵金費用,,貸,"544,275",吳芷寧,2023/07/05,,544275
大通創投,2023/06/30,1120600021,8111,所得稅費用-當期,112.2Q所得稅費用,,借,"58,306",吳芷寧,2023/07/05,58306,
大通創投,2023/06/30,1120600021,2161,應付所得稅-當期,112.2Q所得稅費用,,貸,"58,306",吳芷寧,2023/07/05,,58306
大通創投,2023/07/03,1120700001,424101,利息收入-台幣定存息,回轉6月底估計利息,,借,"41,080",吳芷寧,2023/07/03,41080,
大通創投,2023/07/03,1120700001,117701,應收利息-台幣定存息,回轉6月底估計利息,,貸,"41,080",吳芷寧,2023/07/03,,41080
大通創投,2023/07/03,1120700002,11030136,銀行存款-華銀城東外幣#108-97-004112-0,回轉112.06月匯率調整,,貸,13,吳芷寧,2023/07/03,,13
大通創投,2023/07/03,1120700002,11030134,銀行存款-Stifel68718585,回轉112.06月匯率調整,,借,67,吳芷寧,2023/07/03,67,
大通創投,2023/07/03,1120700002,11030127,銀行存款-SinoPac#714020300007,回轉112.06月匯率調整,,借,281,吳芷寧,2023/07/03,281,
大通創投,2023/07/03,1120700002,11030132,銀行存款-彰銀松江優帳戶美金#97528636914600,回轉112.06月匯率調整,,借,1,吳芷寧,2023/07/03,1,
大通創投,2023/07/03,1120700002,11030131,銀行存款-KGIAsia#10001251689,回轉112.06月匯率調整,,貸,54,吳芷寧,2023/07/03,,54
大通創投,2023/07/03,1120700002,7161,兌換利益,回轉112.06月匯率調整,,貸,282,吳芷寧,2023/07/03,,282
大通創投,2023/07/10,1120700003,6234,管理費,112.3Q和通國際管理費,,借,"3,792,499",吳芷寧,2023/07/04,3792499,
大通創投,2023/07/10,1120700003,622201,稅捐-管理費,112.3Q和通國際管理費5%,,借,"189,625",吳芷寧,2023/07/04,189625,
大通創投,2023/07/10,1120700003,6215,郵電費,112.3Q和通國際管理費-匯費,,借,50,吳芷寧,2023/07/04,50,
大通創投,2023/07/10,1120700003,11030135,銀行存款-華銀城東台幣(綜存)#108-10-035829-8,112.3Q和通國際管理費+匯費,,貸,"3,982,174",吳芷寧,2023/07/04,,3982174
大通創投,2023/07/25,1120700004,2871,租賃負債-非流動,112.7月臺隆租金費用-沖銷依IFRS16認列租賃,負債,借,"126,892",吳芷寧,2023/07/11,126892,
大通創投,2023/07/25,1120700004,622203,稅捐-租金,112.7月臺隆租金費用-Tax5%,,借,"6,352",吳芷寧,2023/07/11,6352,
大通創投,2023/07/25,1120700004,751102,利息費用-租賃負債,112.7月依IFRS16認列租賃負債沖銷費用,,借,158,吳芷寧,2023/07/11,158,
大通創投,2023/07/25,1120700004,11030130,銀行存款-彰銀松江優帳戶台幣#97528636914600,112.7月臺隆租金費用,,貸,"133,402",吳芷寧,2023/07/11,,133402
大通創投,2023/07/25,1120700004,6224-1,折舊-使用權資產,112.7月依IFRS16認列使用權資產攤提折舊,,借,"124,921",吳芷寧,2023/07/11,124921,
大通創投,2023/07/25,1120700004,1579,累計折舊-使用權資產,112.7月依IFRS16認列使用權資產攤提折舊,,貸,"124,921",吳芷寧,2023/07/11,,124921
大通創投,2023/07/25,1120700005,2176,應付勞務費,安侯建業會計師111年度財報查核公費,,借,"250,000",吳芷寧,2023/07/11,250000,
大通創投,2023/07/25,1120700005,11030130,銀行存款-彰銀松江優帳戶台幣#97528636914600,安侯建業會計師111年度財報查核公費,,貸,"250,000",吳芷寧,2023/07/11,,250000
大通創投,2023/07/25,1120700005,22820103,代收款-代扣款-會計師,安侯建業會計師111年度財報查核公費-代扣稅,款10%,借,"25,000",吳芷寧,2023/07/11,25000,
大通創投,2023/07/25,1120700005,22820103,代收款-代扣款-會計師,沖安侯建業會計師111年度財報查核公費-代扣,稅款10%,貸,"25,000",吳芷寧,2023/07/11,,25000
大通創投,2023/07/08,1120700006,110608,定期存款-台幣華銀城東(綜存),112/07/08~112/08/08(25)30天利率:0.585%,,借,"20,000,000",吳芷寧,2023/07/24,20000000,
大通創投,2023/07/08,1120700006,11030135,銀行存款-華銀城東台幣(綜存)#108-10-035829-8,定存息轉入活存,,借,"9,750",吳芷寧,2023/07/24,9750,
大通創投,2023/07/08,1120700006,110608,定期存款-台幣華銀城東(綜存),#1532085(19)定存112/07/08到期本金續作,,貸,"20,000,000",吳芷寧,2023/07/24,,20000000
大通創投,2023/07/08,1120700006,424101,利息收入-台幣定存息,"華銀城東112/06/08~112/07/08,定存息利",率:0.585%,貸,"9,750",吳芷寧,2023/07/24,,9750
大通創投,2023/07/10,1120700007,11030135,銀行存款-華銀城東台幣(綜存)#108-10-035829-8,華銀城東(綜存)定存息#151532097,,借,"14,750",吳芷寧,2023/07/24,14750,
大通創投,2023/07/10,1120700007,424101,利息收入-台幣定存息,華銀城東(綜存)定存息#151532097,,貸,"14,750",吳芷寧,2023/07/24,,14750
大通創投,2023/07/10,1120700008,11030105,銀行存款-華銀城東#108105000493,凱基證券售股手續費折讓,,借,"15,283",吳芷寧,2023/07/25,15283,
大通創投,2023/07/10,1120700008,4881,其他營業收入,凱基證券售股手續費折讓,,貸,"15,283",吳芷寧,2023/07/25,,15283
大通創投,2023/07/17,1120700009,11030135,銀行存款-華銀城東台幣(綜存)#108-10-035829-8,華銀城東(綜存)定存息#151531201,,借,"10,417",吳芷寧,2023/07/25,10417,
大通創投,2023/07/17,1120700009,424101,利息收入-台幣定存息,華銀城東(綜存)定存息#151531201,,貸,"10,417",吳芷寧,2023/07/25,,10417
大通創投,2023/07/17,1120700009,11030135,銀行存款-華銀城東台幣(綜存)#108-10-035829-8,華銀城東(綜存)定存息#151531212,,借,"8,177",吳芷寧,2023/07/25,8177,
大通創投,2023/07/17,1120700009,424101,利息收入-台幣定存息,華銀城東(綜存)定存息#151531212,,貸,"8,177",吳芷寧,2023/07/25,,8177
大通創投,2023/07/17,1120700009,11030135,銀行存款-華銀城東台幣(綜存)#108-10-035829-8,華銀城東(綜存)定存息#151531224,,借,"15,625",吳芷寧,2023/07/25,15625,
大通創投,2023/07/17,1120700009,424101,利息收入-台幣定存息,華銀城東(綜存)定存息#151531224,,貸,"15,625",吳芷寧,2023/07/25,,15625
大通創投,2023/07/19,1120700010,11030135,銀行存款-華銀城東台幣(綜存)#108-10-035829-8,華銀城東(綜存)定存息#1535745,,借,"2,803",吳芷寧,2023/07/25,2803,
大通創投,2023/07/19,1120700010,424101,利息收入-台幣定存息,華銀城東(綜存)定存息#1535745,,貸,"2,803",吳芷寧,2023/07/25,,2803
大通創投,2023/07/20,1120700011,11030135,銀行存款-華銀城東台幣(綜存)#108-10-035829-8,華銀城東(綜存)定存息#1535782,,借,"1,967",吳芷寧,2023/07/25,1967,
大通創投,2023/07/20,1120700011,424101,利息收入-台幣定存息,華銀城東(綜存)定存息#1535782,,貸,"1,967",吳芷寧,2023/07/25,,1967
大通創投,2023/07/20,1120700012,110608,定期存款-台幣華銀城東(綜存),112/07/20~112/08/20(26)30天利率:0.585%,,借,"19,500,000",吳芷寧,2023/07/25,19500000,
大通創投,2023/07/20,1120700012,11030135,銀行存款-華銀城東台幣(綜存)#108-10-035829-8,定存息轉入活存,,借,"9,506",吳芷寧,2023/07/25,9506,
大通創投,2023/07/20,1120700012,110608,定期存款-台幣華銀城東(綜存),#1535794(24)定存112/07/20到期本金續作,,貸,"19,500,000",吳芷寧,2023/07/25,,19500000
大通創投,2023/07/20,1120700012,424101,利息收入-台幣定存息,"華銀城東112/06/20~112/07/20,定存息利",率:0.585%,貸,"9,506",吳芷寧,2023/07/25,,9506
大通創投,2023/07/26,1120700013,11030130,銀行存款-彰銀松江優帳戶台幣#97528636914600,彰銀松江(優帳戶)定存息#06-20398,,借,"2,578",吳芷寧,2023/08/01,2578,
大通創投,2023/07/26,1120700013,424101,利息收入-台幣定存息,彰銀松江(優帳戶)定存息#06-20398,,貸,"2,578",吳芷寧,2023/08/01,,2578
大通創投,2023/07/31,1120700014,11030105,銀行存款-華銀城東#108105000493,#L245東研信超發放現金股利,,借,"439,271",吳芷寧,2023/08/04,439271,
大通創投,2023/07/31,1120700014,6215,郵電費,#L245東研信超發放現金股利-匯費NT$10,,借,10,吳芷寧,2023/08/04,10,
大通創投,2023/07/31,1120700014,422101,投資收入-現金股利-國內,"#L245東研信超發放現金股利161,000股@2.72",845953,貸,"439,281",吳芷寧,2023/08/04,,439281
大通創投,2023/07/31,1120700015,117701,應收利息-台幣定存息,估計7月底應收定存息,,借,"43,565",吳芷寧,2023/08/01,43565,
大通創投,2023/07/31,1120700015,424101,利息收入-台幣定存息,估計7月底定存息,,貸,"43,565",吳芷寧,2023/08/01,,43565
大通創投,2023/07/31,1120700016,11030136,銀行存款-華銀城東外幣#108-97-004112-0,112.07月匯率調整,,借,17,吳芷寧,2023/08/01,17,
大通創投,2023/07/31,1120700016,11030134,銀行存款-Stifel68718585,112.07月匯率調整,,貸,56,吳芷寧,2023/08/01,,56
大通創投,2023/07/31,1120700016,11030127,銀行存款-SinoPac#714020300007,112.07月匯率調整,,貸,243,吳芷寧,2023/08/01,,243
大通創投,2023/07/31,1120700016,11030131,銀行存款-KGIAsia#10001251689,112.07月匯率調整,,借,66,吳芷寧,2023/08/01,66,
大通創投,2023/07/31,1120700016,7161,兌換利益,112.07月匯率調整,,借,216,吳芷寧,2023/08/01,216,
大通創投,2023/07/31,1120700017,6215,郵電費,作廢,,借,1,吳芷寧,2023/08/04,1,
大通創投,2023/07/31,1120700017,6215,郵電費,作廢,,貸,1,吳芷寧,2023/08/04,,1
大通創投,2023/08/04,1120800001,128103,暫付款-其他,"112.08.07董事會出席費NT$2,000*5人",,借,"10,000",吳芷寧,2023/07/11,10000,
大通創投,2023/08/04,1120800001,6215,郵電費,112.08.07董事會出席費-手續費NT$30,,借,30,吳芷寧,2023/07/11,30,
大通創投,2023/08/04,1120800001,11030130,銀行存款-彰銀松江優帳戶台幣#97528636914600,"112.08.07董事會出席費NT$2,000*4人",,貸,"8,000",吳芷寧,2023/07/11,,8000
大通創投,2023/08/04,1120800001,11030130,銀行存款-彰銀松江優帳戶台幣#97528636914600,"112.08.07董事會出席費NT$2,000*1人+手續費",NT$30,貸,"2,030",吳芷寧,2023/07/11,,2030
大通創投,2023/08/01,1120800002,424101,利息收入-台幣定存息,回轉7月底估計利息,,借,"43,565",吳芷寧,2023/08/01,43565,
大通創投,2023/08/01,1120800002,117701,應收利息-台幣定存息,回轉7月底估計利息,,貸,"43,565",吳芷寧,2023/08/01,,43565
大通創投,2023/08/01,1120800003,11030136,銀行存款-華銀城東外幣#108-97-004112-0,回轉112.07月匯率調整,,貸,17,吳芷寧,2023/08/01,,17
大通創投,2023/08/01,1120800003,11030134,銀行存款-Stifel68718585,回轉112.07月匯率調整,,借,56,吳芷寧,2023/08/01,56,
大通創投,2023/08/01,1120800003,11030127,銀行存款-SinoPac#714020300007,回轉112.07月匯率調整,,借,243,吳芷寧,2023/08/01,243,
大通創投,2023/08/01,1120800003,11030131,銀行存款-KGIAsia#10001251689,回轉112.07月匯率調整,,貸,66,吳芷寧,2023/08/01,,66
大通創投,2023/08/01,1120800003,7161,兌換利益,回轉112.07月匯率調整,,貸,216,吳芷寧,2023/08/01,,216
大通創投,2023/08/07,1120800004,623601,車馬費-應稅-個人,"112.08.07董事會出席費NT$2,000*4人",,借,"8,000",吳芷寧,2023/08/07,8000,
大通創投,2023/08/07,1120800004,623602,車馬費-應稅-法人,"112.08.07董事會出席費NT$2,000*1人",,借,"2,000",吳芷寧,2023/08/07,2000,
大通創投,2023/08/07,1120800004,128103,暫付款-其他,112.08.07董事會出席費Ref.1120800001,,貸,"10,000",吳芷寧,2023/08/07,,10000
大通創投,2023/08/07,1120800004,22820102,代收款-代扣款-外國人,沖112.08.07董事會出席費-代扣稅款6%,,借,120,吳芷寧,2023/08/07,120,
大通創投,2023/08/07,1120800004,22820102,代收款-代扣款-外國人,112.08.07董事會出席費-代扣稅款6%,,貸,120,吳芷寧,2023/08/07,,120
大通創投,2023/08/09,1120800005,11030105,銀行存款-華銀城東#108105000493,#L246景碩發放現金股利,,借,"654,029",吳芷寧,2023/08/11,654029,
大通創投,2023/08/09,1120800005,6215,郵電費,#L246景碩發放現金股利-匯費NT$10,,借,10,吳芷寧,2023/08/11,10,
大通創投,2023/08/09,1120800005,422101,投資收入-現金股利-國內,"#L246景碩發放現金股利101,000股@6.47563",6150,貸,"654,039",吳芷寧,2023/08/11,,654039
大通創投,2023/08/25,1120800006,2871,租賃負債-非流動,112.8月臺隆租金費用-沖銷依IFRS16認列租賃,負債,借,"126,971",吳芷寧,2023/08/14,126971,
大通創投,2023/08/25,1120800006,622203,稅捐-租金,112.8月臺隆租金費用-Tax5%,,借,"6,352",吳芷寧,2023/08/14,6352,
大通創投,2023/08/25,1120800006,751102,利息費用-租賃負債,112.8月依IFRS16認列租賃負債沖銷費用,,借,79,吳芷寧,2023/08/14,79,
大通創投,2023/08/25,1120800006,11030130,銀行存款-彰銀松江優帳戶台幣#97528636914600,112.8月臺隆租金費用,,貸,"133,402",吳芷寧,2023/08/14,,133402
大通創投,2023/08/25,1120800006,6224-1,折舊-使用權資產,112.8月依IFRS16認列使用權資產攤提折舊,,借,"124,922",吳芷寧,2023/08/14,124922,
大通創投,2023/08/25,1120800006,1579,累計折舊-使用權資產,112.8月依IFRS16認列使用權資產攤提折舊,,貸,"124,922",吳芷寧,2023/08/14,,124922
大通創投,2023/08/25,1120800007,11030135,銀行存款-華銀城東台幣(綜存)#108-10-035829-8,銀行資金調撥華銀城東→華銀綜存,,借,"1,700,000",吳芷寧,2023/08/18,1700000,
大通創投,2023/08/25,1120800007,11030105,銀行存款-華銀城東#108105000493,銀行資金調撥華銀城東→華銀綜存,,貸,"1,700,000",吳芷寧,2023/08/18,,1700000
大通創投,2023/08/25,1120800008,110608,定期存款-台幣華銀城東(綜存),(29)112/08/25~113/08/25360天利率:1.575,%,借,"2,000,000",吳芷寧,2023/08/18,2000000,
大通創投,2023/08/25,1120800008,11030135,銀行存款-華銀城東台幣(綜存)#108-10-035829-8,活存轉作定存至113/08/25,,貸,"2,000,000",吳芷寧,2023/08/18,,2000000
大通創投,2023/08/08,1120800009,110608,定期存款-台幣華銀城東(綜存),112/08/08~112/11/08(27)90天利率:0.59%,,借,"30,000,000",吳芷寧,2023/08/21,30000000,
大通創投,2023/08/08,1120800009,11030135,銀行存款-華銀城東台幣(綜存)#108-10-035829-8,定存息轉入活存,,借,"14,750",吳芷寧,2023/08/21,14750,
大通創投,2023/08/08,1120800009,110608,定期存款-台幣華銀城東(綜存),#1532097(17)定存112/08/08到期本金續作,,貸,"30,000,000",吳芷寧,2023/08/21,,30000000
大通創投,2023/08/08,1120800009,424101,利息收入-台幣定存息,"華銀城東112/05/08~112/08/08,定存息利",率:0.59%,貸,"14,750",吳芷寧,2023/08/21,,14750
大通創投,2023/08/08,1120800010,110608,定期存款-台幣華銀城東(綜存),112/08/08~112/09/08(28)30天利率:0.585%,,借,"20,000,000",吳芷寧,2023/08/21,20000000,
大通創投,2023/08/08,1120800010,11030135,銀行存款-華銀城東台幣(綜存)#108-10-035829-8,定存息轉入活存,,借,"9,750",吳芷寧,2023/08/21,9750,
大通創投,2023/08/08,1120800010,110608,定期存款-台幣華銀城東(綜存),#1532085(25)定存112/08/08到期本金續作,,貸,"20,000,000",吳芷寧,2023/08/21,,20000000
大通創投,2023/08/08,1120800010,424101,利息收入-台幣定存息,"華銀城東112/07/08~112/08/08,定存息利",率:0.585%,貸,"9,750",吳芷寧,2023/08/21,,9750
大通創投,2023/08/16,1120800011,11030135,銀行存款-華銀城東台幣(綜存)#108-10-035829-8,華銀城東(綜存)定存息#151531201,,借,"10,417",吳芷寧,2023/08/21,10417,
大通創投,2023/08/16,1120800011,424101,利息收入-台幣定存息,華銀城東(綜存)定存息#151531201,,貸,"10,417",吳芷寧,2023/08/21,,10417
大通創投,2023/08/16,1120800011,11030135,銀行存款-華銀城東台幣(綜存)#108-10-035829-8,華銀城東(綜存)定存息#151531212,,借,"8,177",吳芷寧,2023/08/21,8177,
大通創投,2023/08/16,1120800011,424101,利息收入-台幣定存息,華銀城東(綜存)定存息#151531212,,貸,"8,177",吳芷寧,2023/08/21,,8177
大通創投,2023/08/16,1120800011,11030135,銀行存款-華銀城東台幣(綜存)#108-10-035829-8,華銀城東(綜存)定存息#151531224,,借,"15,625",吳芷寧,2023/08/21,15625,
大通創投,2023/08/16,1120800011,424101,利息收入-台幣定存息,華銀城東(綜存)定存息#151531224,,貸,"15,625",吳芷寧,2023/08/21,,15625
大通創投,2023/08/24,1120800012,11030135,銀行存款-華銀城東台幣(綜存)#108-10-035829-8,華銀城東(綜存)定存息#1535745,,借,"2,803",吳芷寧,2023/08/31,2803,
大通創投,2023/08/24,1120800012,424101,利息收入-台幣定存息,華銀城東(綜存)定存息#1535745,,貸,"2,803",吳芷寧,2023/08/31,,2803
大通創投,2023/08/24,1120800012,11030135,銀行存款-華銀城東台幣(綜存)#108-10-035829-8,華銀城東(綜存)定存息#1535782,,借,"1,967",吳芷寧,2023/08/31,1967,
大通創投,2023/08/24,1120800012,424101,利息收入-台幣定存息,華銀城東(綜存)定存息#1535782,,貸,"1,967",吳芷寧,2023/08/31,,1967
大通創投,2023/08/31,1120800013,1461,指定公平價值變動列入損益之金融資產-國內-非流動,"購入泰合59,481股@NT$50",,借,"2,974,050",吳芷寧,2023/09/07,2974050,
大通創投,2023/08/31,1120800013,6215,郵電費,"購入泰合59,481股-匯費NT$40",,借,40,吳芷寧,2023/09/07,40,
大通創投,2023/08/31,1120800013,11030105,銀行存款-華銀城東#108105000493,"購入泰合59,481股@NT$50+匯費NT$40",,貸,"2,974,090",吳芷寧,2023/09/07,,2974090
大通創投,2023/08/20,1120800014,110608,定期存款-台幣華銀城東(綜存),112/08/20~112/09/20(30)30天利率:0.585%,,借,"19,500,000",吳芷寧,2023/08/31,19500000,
大通創投,2023/08/20,1120800014,11030135,銀行存款-華銀城東台幣(綜存)#108-10-035829-8,定存息轉入活存,,借,"9,506",吳芷寧,2023/08/31,9506,
大通創投,2023/08/20,1120800014,110608,定期存款-台幣華銀城東(綜存),#1535794(26)定存112/08/20到期本金續作,,貸,"19,500,000",吳芷寧,2023/08/31,,19500000
大通創投,2023/08/20,1120800014,424101,利息收入-台幣定存息,"華銀城東112/07/20~112/08/20,定存息利",率:0.585%,貸,"9,506",吳芷寧,2023/08/31,,9506
大通創投,2023/08/26,1120800015,11030130,銀行存款-彰銀松江優帳戶台幣#97528636914600,彰銀松江(優帳戶)定存息#06-20398,,借,"2,578",吳芷寧,2023/08/31,2578,
大通創投,2023/08/26,1120800015,424101,利息收入-台幣定存息,彰銀松江(優帳戶)定存息#06-20398,,貸,"2,578",吳芷寧,2023/08/31,,2578
大通創投,2023/08/31,1120800016,11030105,銀行存款-華銀城東#108105000493,112.08月股票出售,,借,"3,647,125",吳芷寧,2023/09/01,3647125,
大通創投,2023/08/31,1120800016,421101,證券出售收入-國內證券,112.08月股票出售,,貸,"3,647,125",吳芷寧,2023/09/01,,3647125
大通創投,2023/08/31,1120800016,521101,證券出售成本-國內證券,112.08月股票出售成本結轉,,借,"3,567,000",吳芷寧,2023/09/01,3567000,
大通創投,2023/08/31,1120800016,111-10,交易目的金融資產-股票-國內,112.08月股票出售成本結轉,,貸,"3,567,000",吳芷寧,2023/09/01,,3567000
大通創投,2023/08/31,1120800017,11030136,銀行存款-華銀城東外幣#108-97-004112-0,112.08月匯率調整,,借,22,吳芷寧,2023/09/05,22,
大通創投,2023/08/31,1120800017,11030134,銀行存款-Stifel68718585,112.08月匯率調整,,貸,39,吳芷寧,2023/09/05,,39
大通創投,2023/08/31,1120800017,11030127,銀行存款-SinoPac#714020300007,112.08月匯率調整,,貸,218,吳芷寧,2023/09/05,,218
大通創投,2023/08/31,1120800017,11030131,銀行存款-KGIAsia#10001251689,112.08月匯率調整,,借,74,吳芷寧,2023/09/05,74,
大通創投,2023/08/31,1120800017,7161,兌換利益,112.08月匯率調整,,借,161,吳芷寧,2023/09/05,161,
大通創投,2023/08/31,1120800018,117701,應收利息-台幣定存息,估計8月底應收定存息,,借,"44,428",吳芷寧,2023/09/05,44428,
大通創投,2023/08/31,1120800018,424101,利息收入-台幣定存息,估計8月底定存息,,貸,"44,428",吳芷寧,2023/09/05,,44428
大通創投,2023/08/31,1120800019,11030105,銀行存款-華銀城東#108105000493,"回轉購入泰合59,481股@NT$50+匯費NT$40Ref",.1120800013,借,"2,974,090",吳芷寧,2023/09/07,2974090,
大通創投,2023/08/31,1120800019,1461,指定公平價值變動列入損益之金融資產-國內-非流動,"回轉購入泰合59,481股@NT$50Ref.112080001",3,貸,"2,974,050",吳芷寧,2023/09/07,,2974050
大通創投,2023/08/31,1120800019,6215,郵電費,"回轉購入泰合59,481股-匯費NT$40Ref.11208",00013,貸,40,吳芷寧,2023/09/07,,40
大通創投,2023/08/31,1120800020,11030105,銀行存款-華銀城東#108105000493,#122京華超音波發放現金股利,,借,"166,887",吳芷寧,2023/09/07,166887,
大通創投,2023/08/31,1120800020,6215,郵電費,#122京華超音波發放現金股利-匯費NT$10,,借,10,吳芷寧,2023/09/07,10,
大通創投,2023/08/31,1120800020,422101,投資收入-現金股利-國內,"#122京華超音波發放現金股利166,897股@NT",$1,貸,"166,897",吳芷寧,2023/09/07,,166897
大通創投,2023/09/01,1120900001,11030136,銀行存款-華銀城東外幣#108-97-004112-0,回轉112.08月匯率調整,,貸,22,吳芷寧,2023/09/05,,22
大通創投,2023/09/01,1120900001,11030134,銀行存款-Stifel68718585,回轉112.08月匯率調整,,借,39,吳芷寧,2023/09/05,39,
大通創投,2023/09/01,1120900001,11030127,銀行存款-SinoPac#714020300007,回轉112.08月匯率調整,,借,218,吳芷寧,2023/09/05,218,
大通創投,2023/09/01,1120900001,11030131,銀行存款-KGIAsia#10001251689,回轉112.08月匯率調整,,貸,74,吳芷寧,2023/09/05,,74
大通創投,2023/09/01,1120900001,7161,兌換利益,回轉112.08月匯率調整,,貸,161,吳芷寧,2023/09/05,,161
大通創投,2023/09/01,1120900002,424101,利息收入-台幣定存息,回轉8月底估計利息,,借,"44,428",吳芷寧,2023/09/05,44428,
大通創投,2023/09/01,1120900002,117701,應收利息-台幣定存息,回轉8月底估計利息,,貸,"44,428",吳芷寧,2023/09/05,,44428
大通創投,2023/09/18,1120900003,11030135,銀行存款-華銀城東台幣(綜存)#108-10-035829-8,銀行資金調撥華銀城東→華銀綜存,,借,"5,600,000",吳芷寧,2023/09/11,5600000,
大通創投,2023/09/18,1120900003,11030105,銀行存款-華銀城東#108105000493,銀行資金調撥華銀城東→華銀綜存,,貸,"5,600,000",吳芷寧,2023/09/11,,5600000
大通創投,2023/09/18,1120900004,110608,定期存款-台幣華銀城東(綜存),(31)112/09/18~113/09/18360天利率:1.575,%,借,"2,900,000",吳芷寧,2023/09/11,2900000,
大通創投,2023/09/18,1120900004,11030135,銀行存款-華銀城東台幣(綜存)#108-10-035829-8,活存轉作定存至113/09/18,,貸,"2,900,000",吳芷寧,2023/09/11,,2900000
大通創投,2023/09/19,1120900005,110608,定期存款-台幣華銀城東(綜存),(32)112/09/19~113/09/19360天利率:1.575,%,借,"2,700,000",吳芷寧,2023/09/11,2700000,
大通創投,2023/09/19,1120900005,11030135,銀行存款-華銀城東台幣(綜存)#108-10-035829-8,活存轉作定存至113/09/19,,貸,"2,700,000",吳芷寧,2023/09/11,,2700000
大通創投,2023/09/01,1120900006,1579,累計折舊-使用權資產,除列依IFRS16認列使用權資產累計折舊,,借,"6,995,546",吳芷寧,2023/09/13,6995546,
大通創投,2023/09/01,1120900006,1571,使用權資產,除列依IFRS16認列使用權資產,,貸,"6,995,546",吳芷寧,2023/09/13,,6995546
大通創投,2023/09/01,1120900006,1571,使用權資產,依IFRS16認列使用權資產-辦公室租約續約,,借,"7,424,804",吳芷寧,2023/09/13,7424804,
大通創投,2023/09/01,1120900006,2871,租賃負債-非流動,依IFRS16認列租賃負債-辦公室租約續約,,貸,"7,424,804",吳芷寧,2023/09/13,,7424804
大通創投,2023/09/25,1120900007,2871,租賃負債-非流動,112.9月臺隆租金費用-沖銷依IFRS16認列租賃,負債,借,"127,050",吳芷寧,2023/09/18,127050,
大通創投,2023/09/25,1120900007,622203,稅捐-租金,112.9月臺隆租金費用-Tax5%,,借,"6,352",吳芷寧,2023/09/18,6352,
大通創投,2023/09/25,1120900007,11030130,銀行存款-彰銀松江優帳戶台幣#97528636914600,112.9月臺隆租金費用,,貸,"133,402",吳芷寧,2023/09/18,,133402
大通創投,2023/09/25,1120900007,6224-1,折舊-使用權資產,112.9月依IFRS16認列使用權資產攤提折舊,,借,"123,747",吳芷寧,2023/09/18,123747,
大通創投,2023/09/25,1120900007,1579,累計折舊-使用權資產,112.9月依IFRS16認列使用權資產攤提折舊,,貸,"123,747",吳芷寧,2023/09/18,,123747
大通創投,2023/09/28,1120900008,623802,勞務支出-應稅-會計師,安侯建業會計師112.3Q財稅報查核公費,,借,"103,250",吳芷寧,2023/09/20,103250,
大通創投,2023/09/28,1120900008,2176,應付勞務費,安侯建業會計師112.3Q財稅報查核公費,,貸,"103,250",吳芷寧,2023/09/20,,103250
大通創投,2023/09/08,1120900009,110608,定期存款-台幣華銀城東(綜存),112/09/08~112/10/08(33)30天利率:0.585%,,借,"20,000,000",吳芷寧,2023/09/20,20000000,
大通創投,2023/09/08,1120900009,11030135,銀行存款-華銀城東台幣(綜存)#108-10-035829-8,定存息轉入活存,,借,"9,750",吳芷寧,2023/09/20,9750,
大通創投,2023/09/08,1120900009,110608,定期存款-台幣華銀城東(綜存),#1532085(28)定存112/09/08到期本金續作,,貸,"20,000,000",吳芷寧,2023/09/20,,20000000
大通創投,2023/09/08,1120900009,424101,利息收入-台幣定存息,"華銀城東112/08/08~112/09/08,定存息利",率:0.585%,貸,"9,750",吳芷寧,2023/09/20,,9750
大通創投,2023/09/08,1120900010,11030135,銀行存款-華銀城東台幣(綜存)#108-10-035829-8,華銀城東(綜存)定存息#1532097,,借,"14,750",吳芷寧,2023/09/20,14750,
大通創投,2023/09/08,1120900010,424101,利息收入-台幣定存息,華銀城東(綜存)定存息#1532097,,貸,"14,750",吳芷寧,2023/09/20,,14750
大通創投,2023/09/08,1120900011,11030105,銀行存款-華銀城東#108105000493,凱基證券售股手續費折讓,,借,"1,831",吳芷寧,2023/09/20,1831,
大通創投,2023/09/08,1120900011,4881,其他營業收入,凱基證券售股手續費折讓,,貸,"1,831",吳芷寧,2023/09/20,,1831
大通創投,2023/09/18,1120900012,11030135,銀行存款-華銀城東台幣(綜存)#108-10-035829-8,華銀城東(綜存)定存息#1531201,,借,"10,417",吳芷寧,2023/09/20,10417,
大通創投,2023/09/18,1120900012,424101,利息收入-台幣定存息,華銀城東(綜存)定存息#1531201,,貸,"10,417",吳芷寧,2023/09/20,,10417
大通創投,2023/09/18,1120900012,11030135,銀行存款-華銀城東台幣(綜存)#108-10-035829-8,華銀城東(綜存)定存息#1531212,,借,"8,177",吳芷寧,2023/09/20,8177,
大通創投,2023/09/18,1120900012,424101,利息收入-台幣定存息,華銀城東(綜存)定存息#1531212,,貸,"8,177",吳芷寧,2023/09/20,,8177
大通創投,2023/09/18,1120900012,11030135,銀行存款-華銀城東台幣(綜存)#108-10-035829-8,華銀城東(綜存)定存息#1531224,,借,"15,625",吳芷寧,2023/09/20,15625,
大通創投,2023/09/18,1120900012,424101,利息收入-台幣定存息,華銀城東(綜存)定存息#1531224,,貸,"15,625",吳芷寧,2023/09/20,,15625
大通創投,2023/09/19,1120900013,110608,定期存款-台幣華銀城東(綜存),112/09/19~112/12/19(34)90天利率:1.16%,,借,"2,900,000",吳芷寧,2023/09/28,2900000,
大通創投,2023/09/19,1120900013,11030135,銀行存款-華銀城東台幣(綜存)#108-10-035829-8,定存息轉入活存,,借,"2,803",吳芷寧,2023/09/28,2803,
大通創投,2023/09/19,1120900013,110608,定期存款-台幣華銀城東(綜存),#1535745(20)定存112/09/19到期本金續作,,貸,"2,900,000",吳芷寧,2023/09/28,,2900000
大通創投,2023/09/19,1120900013,424101,利息收入-台幣定存息,"華銀城東112/06/19~112/09/19,定存息利",率:1.16%,貸,"2,803",吳芷寧,2023/09/28,,2803
大通創投,2023/09/20,1120900014,110608,定期存款-台幣華銀城東(綜存),112/09/20~112/12/20(35)90天利率:0.59%,,借,"4,000,000",吳芷寧,2023/09/28,4000000,
大通創投,2023/09/20,1120900014,11030135,銀行存款-華銀城東台幣(綜存)#108-10-035829-8,定存息轉入活存,,借,"1,967",吳芷寧,2023/09/28,1967,
大通創投,2023/09/20,1120900014,110608,定期存款-台幣華銀城東(綜存),#1535782(23)定存112/09/20到期本金續作,,貸,"4,000,000",吳芷寧,2023/09/28,,4000000
大通創投,2023/09/20,1120900014,424101,利息收入-台幣定存息,"華銀城東112/06/20~112/09/20,定存息利",率:0.59%,貸,"1,967",吳芷寧,2023/09/28,,1967
大通創投,2023/09/20,1120900015,110608,定期存款-台幣華銀城東(綜存),112/09/20~112/10/20(36)30天利率:0.585%,,借,"19,500,000",吳芷寧,2023/09/28,19500000,
大通創投,2023/09/20,1120900015,11030135,銀行存款-華銀城東台幣(綜存)#108-10-035829-8,定存息轉入活存,,借,"9,506",吳芷寧,2023/09/28,9506,
大通創投,2023/09/20,1120900015,110608,定期存款-台幣華銀城東(綜存),#1535794(30)定存112/09/20到期本金續作,,貸,"19,500,000",吳芷寧,2023/09/28,,19500000
大通創投,2023/09/20,1120900015,424101,利息收入-台幣定存息,"華銀城東112/08/20~112/09/20,定存息利",率:0.585%,貸,"9,506",吳芷寧,2023/09/28,,9506
大通創投,2023/09/28,1120900016,11030105,銀行存款-華銀城東#108105000493,112.09月股票出售,,借,"2,448,995",吳芷寧,2023/10/02,2448995,
大通創投,2023/09/28,1120900016,421101,證券出售收入-國內證券,112.09月股票出售,,貸,"2,448,995",吳芷寧,2023/10/02,,2448995
大通創投,2023/09/28,1120900016,521101,證券出售成本-國內證券,112.09月股票出售成本結轉,,借,"2,337,000",吳芷寧,2023/10/02,2337000,
大通創投,2023/09/28,1120900016,111-10,交易目的金融資產-股票-國內,112.09月股票出售成本結轉,,貸,"2,337,000",吳芷寧,2023/10/02,,2337000
大通創投,2023/09/22,1120900017,11030135,銀行存款-華銀城東台幣(綜存)#108-10-035829-8,華銀城東(綜存)定存息#1536940,,借,"2,625",吳芷寧,2023/10/02,2625,
大通創投,2023/09/22,1120900017,424101,利息收入-台幣定存息,華銀城東(綜存)定存息#1536940,,貸,"2,625",吳芷寧,2023/10/02,,2625
大通創投,2023/09/26,1120900018,110607,定期存款-台幣彰銀松江(優帳戶),112/09/26~113/02/26(43)150天利率:0.595%,,借,"5,200,000",吳芷寧,2023/10/02,5200000,
大通創投,2023/09/26,1120900018,11030130,銀行存款-彰銀松江優帳戶台幣#97528636914600,定存息轉入活存,,借,"2,578",吳芷寧,2023/10/02,2578,
大通創投,2023/09/26,1120900018,110607,定期存款-台幣彰銀松江(優帳戶),#06-2-0398(16)定存112/09/26到期本金續作,,貸,"5,200,000",吳芷寧,2023/10/02,,5200000
大通創投,2023/09/26,1120900018,424101,利息收入-台幣定存息,"彰銀松江112/04/26~112/09/26,定存息利",率:0.595%,貸,"2,578",吳芷寧,2023/10/02,,2578
大通創投,2023/09/28,1120900019,117701,應收利息-台幣定存息,估計9月底應收定存息,,借,"45,373",吳芷寧,2023/10/02,45373,
大通創投,2023/09/28,1120900019,424101,利息收入-台幣定存息,估計9月底定存息,,貸,"45,373",吳芷寧,2023/10/02,,45373
大通創投,2023/09/28,1120900020,11030136,銀行存款-華銀城東外幣#108-97-004112-0,112.09月匯率調整,,借,27,吳芷寧,2023/10/02,27,
大通創投,2023/09/28,1120900020,11030134,銀行存款-Stifel68718585,112.09月匯率調整,,貸,22,吳芷寧,2023/10/02,,22
大通創投,2023/09/28,1120900020,11030127,銀行存款-SinoPac#714020300007,112.09月匯率調整,,貸,174,吳芷寧,2023/10/02,,174
大通創投,2023/09/28,1120900020,11030131,銀行存款-KGIAsia#10001251689,112.09月匯率調整,,借,88,吳芷寧,2023/10/02,88,
大通創投,2023/09/28,1120900020,7161,兌換利益,112.09月匯率調整,,借,81,吳芷寧,2023/10/02,81,
大通創投,2023/09/30,1120900021,1462,指定公平價值變動列入損益之金融資產評價調整,回轉112.2Q-FVTPL評價損益,,貸,"10,558,817",吳芷寧,2023/10/11,,10558817
大通創投,2023/09/30,1120900021,4223,金融資產(負債)評價利益-FVTPL,回轉112.2Q-FVTPL評價損益,,借,"10,558,817",吳芷寧,2023/10/11,10558817,
大通創投,2023/09/30,1120900021,111-19,交易目的金融資產評價調整,回轉112.2Q-HFT評價損益,,借,"395,700",吳芷寧,2023/10/11,395700,
大通創投,2023/09/30,1120900021,5225,金融資產(負債)評價損失-HFT,回轉112.2Q-HFT評價損益,,貸,"395,700",吳芷寧,2023/10/11,,395700
大通創投,2023/09/30,1120900021,1462,指定公平價值變動列入損益之金融資產評價調整,112.3Q-FVTPL評價損益,,借,"13,140,367",吳芷寧,2023/10/11,13140367,
大通創投,2023/09/30,1120900021,4223,金融資產(負債)評價利益-FVTPL,112.3Q-FVTPL評價損益,,貸,"13,140,367",吳芷寧,2023/10/11,,13140367
大通創投,2023/09/30,1120900021,111-19,交易目的金融資產評價調整,112.3Q-HFT評價損益,,貸,"2,793,050",吳芷寧,2023/10/11,,2793050
大通創投,2023/09/30,1120900021,5225,金融資產(負債)評價損失-HFT,112.3Q-HFT評價損益,,借,"2,793,050",吳芷寧,2023/10/11,2793050,
大通創投,2023/09/28,1120900022,6401,獎勵金費用,112.3Q獎勵金費用,,貸,"495,406",吳芷寧,2023/10/11,,495406
大通創投,2023/09/28,1120900022,6402,獎勵金費用-稅捐,112.3Q獎勵金費用-Tax5%,,貸,"24,770",吳芷寧,2023/10/11,,24770
大通創投,2023/09/28,1120900022,2142,應付獎勵金,112.3Q獎勵金費用,,借,"520,176",吳芷寧,2023/10/11,520176,
大通創投,2023/09/28,1120900023,8111,所得稅費用-當期,112.3Q所得稅費用,,借,"36,703",吳芷寧,2023/10/11,36703,
大通創投,2023/09/28,1120900023,2161,應付所得稅-當期,112.3Q所得稅費用,,貸,"36,703",吳芷寧,2023/10/11,,36703
大通創投,2023/10/08,1121000001,11030135,銀行存款-華銀城東台幣(綜存)#108-10-035829-8,定存到期存入華銀城東,,借,"20,009,750",吳芷寧,2023/09/25,20009750,
大通創投,2023/10/08,1121000001,110608,定期存款-台幣華銀城東(綜存),#1532085(33)定存112/10/08到期存入活存,,貸,"20,000,000",吳芷寧,2023/09/25,,20000000
大通創投,2023/10/08,1121000001,424101,利息收入-台幣定存息,"華銀城東112/09/08~112/10/08,定存息利率",:0.585%,貸,"9,750",吳芷寧,2023/09/25,,9750
大通創投,2023/10/11,1121000002,6234,管理費,112.4Q和通國際管理費,,借,"3,792,498",吳芷寧,2023/09/25,3792498,
大通創投,2023/10/11,1121000002,622201,稅捐-管理費,112.4Q和通國際管理費5%,,借,"189,624",吳芷寧,2023/09/25,189624,
大通創投,2023/10/11,1121000002,6215,郵電費,112.4Q和通國際管理費-匯費,,借,50,吳芷寧,2023/09/25,50,
大通創投,2023/10/11,1121000002,11030135,銀行存款-華銀城東台幣(綜存)#108-10-035829-8,112.4Q和通國際管理費+匯費,,貸,"3,982,172",吳芷寧,2023/09/25,,3982172
大通創投,2023/10/11,1121000003,110608,定期存款-台幣華銀城東(綜存),(37)112/10/11~113/10/11360天利率:1.575,%,借,"2,950,000",吳芷寧,2023/09/25,2950000,
大通創投,2023/10/11,1121000003,11030135,銀行存款-華銀城東台幣(綜存)#108-10-035829-8,活存轉作定存至113/10/11,,貸,"2,950,000",吳芷寧,2023/09/25,,2950000
大通創投,2023/10/12,1121000004,110608,定期存款-台幣華銀城東(綜存),(38)112/10/12~113/10/12360天利率:1.575,%,借,"2,950,000",吳芷寧,2023/09/25,2950000,
大通創投,2023/10/12,1121000004,11030135,銀行存款-華銀城東台幣(綜存)#108-10-035829-8,活存轉作定存至113/10/12,,貸,"2,950,000",吳芷寧,2023/09/25,,2950000
大通創投,2023/10/13,1121000005,110608,定期存款-台幣華銀城東(綜存),(39)112/10/13~113/10/13360天利率:1.575,%,借,"2,950,000",吳芷寧,2023/09/25,2950000,
大通創投,2023/10/13,1121000005,11030135,銀行存款-華銀城東台幣(綜存)#108-10-035829-8,活存轉作定存至113/10/13,,貸,"2,950,000",吳芷寧,2023/09/25,,2950000
大通創投,2023/10/16,1121000006,110608,定期存款-台幣華銀城東(綜存),(40)112/10/16~113/10/16360天利率:1.575,%,借,"2,950,000",吳芷寧,2023/09/25,2950000,
大通創投,2023/10/16,1121000006,11030135,銀行存款-華銀城東台幣(綜存)#108-10-035829-8,活存轉作定存至113/10/16,,貸,"2,950,000",吳芷寧,2023/09/25,,2950000
大通創投,2023/10/17,1121000007,110608,定期存款-台幣華銀城東(綜存),(41)112/10/17~113/10/17360天利率:1.575,%,借,"2,950,000",吳芷寧,2023/09/25,2950000,
大通創投,2023/10/17,1121000007,11030135,銀行存款-華銀城東台幣(綜存)#108-10-035829-8,活存轉作定存至113/10/17,,貸,"2,950,000",吳芷寧,2023/09/25,,2950000
大通創投,2023/10/18,1121000008,110608,定期存款-台幣華銀城東(綜存),(42)112/10/18~113/10/18360天利率:1.575,%,借,"1,250,000",吳芷寧,2023/09/25,1250000,
大通創投,2023/10/18,1121000008,11030135,銀行存款-華銀城東台幣(綜存)#108-10-035829-8,活存轉作定存至113/10/18,,貸,"1,250,000",吳芷寧,2023/09/25,,1250000
大通創投,2023/10/02,1121000009,424101,利息收入-台幣定存息,回轉9月底估計利息,,借,"45,373",吳芷寧,2023/10/02,45373,
大通創投,2023/10/02,1121000009,117701,應收利息-台幣定存息,回轉9月底估計利息,,貸,"45,373",吳芷寧,2023/10/02,,45373
大通創投,2023/10/02,1121000010,11030136,銀行存款-華銀城東外幣#108-97-004112-0,回轉112.09月匯率調整,,貸,27,吳芷寧,2023/10/02,,27
大通創投,2023/10/02,1121000010,11030134,銀行存款-Stifel68718585,回轉112.09月匯率調整,,借,22,吳芷寧,2023/10/02,22,
大通創投,2023/10/02,1121000010,11030127,銀行存款-SinoPac#714020300007,回轉112.09月匯率調整,,借,174,吳芷寧,2023/10/02,174,
大通創投,2023/10/02,1121000010,11030131,銀行存款-KGIAsia#10001251689,回轉112.09月匯率調整,,貸,88,吳芷寧,2023/10/02,,88
大通創投,2023/10/02,1121000010,7161,兌換利益,回轉112.09月匯率調整,,貸,81,吳芷寧,2023/10/02,,81
大通創投,2023/10/25,1121000011,2871,租賃負債-非流動,112.10月臺隆租金費用-沖銷依IFRS16認列租,賃負債,借,"120,500",吳芷寧,2023/10/16,120500,
大通創投,2023/10/25,1121000011,622203,稅捐-租金,112.10月臺隆租金費用-Tax5%,,借,"6,352",吳芷寧,2023/10/16,6352,
大通創投,2023/10/25,1121000011,751102,利息費用-租賃負債,112.10月依IFRS16認列租賃負債沖銷費用,,借,"6,550",吳芷寧,2023/10/16,6550,
大通創投,2023/10/25,1121000011,11030130,銀行存款-彰銀松江優帳戶台幣#97528636914600,112.10月臺隆租金費用,,貸,"133,402",吳芷寧,2023/10/16,,133402
大通創投,2023/10/25,1121000011,6224-1,折舊-使用權資產,112.10月依IFRS16認列使用權資產攤提折舊,,借,"123,747",吳芷寧,2023/10/16,123747,
大通創投,2023/10/25,1121000011,1579,累計折舊-使用權資產,112.10月依IFRS16認列使用權資產攤提折舊,,貸,"123,747",吳芷寧,2023/10/16,,123747
大通創投,2023/10/06,1121000012,11030105,銀行存款-華銀城東#108105000493,凱基證券售股手續費折讓,,借,"1,229",吳芷寧,2023/10/26,1229,
大通創投,2023/10/06,1121000012,4881,其他營業收入,凱基證券售股手續費折讓,,貸,"1,229",吳芷寧,2023/10/26,,1229
大通創投,2023/10/08,1121000013,11030135,銀行存款-華銀城東台幣(綜存)#108-10-035829-8,調整#1532085(33)定存112/09/08~112/10/08,利率0.585%,借,962,吳芷寧,2023/10/26,962,
大通創投,2023/10/08,1121000013,424101,利息收入-台幣定存息,調整#1532085華銀城東定存息少估,,貸,962,吳芷寧,2023/10/26,,962
大通創投,2023/10/11,1121000014,11030135,銀行存款-華銀城東台幣(綜存)#108-10-035829-8,華銀城東(綜存)定存息#1532097,,借,"14,750",吳芷寧,2023/10/26,14750,
大通創投,2023/10/11,1121000014,424101,利息收入-台幣定存息,華銀城東(綜存)定存息#1532097,,貸,"14,750",吳芷寧,2023/10/26,,14750
大通創投,2023/10/16,1121000015,110608,定期存款-台幣華銀城東(綜存),112/10/16~113/07/16(44)270天利率:0.625%,,借,"20,000,000",吳芷寧,2023/10/26,20000000,
大通創投,2023/10/16,1121000015,11030135,銀行存款-華銀城東台幣(綜存)#108-10-035829-8,定存息轉入活存,,借,"10,417",吳芷寧,2023/10/26,10417,
大通創投,2023/10/16,1121000015,110608,定期存款-台幣華銀城東(綜存),#1531201(3)定存112/10/16到期本金續作,,貸,"20,000,000",吳芷寧,2023/10/26,,20000000
大通創投,2023/10/16,1121000015,424101,利息收入-台幣定存息,"華銀城東112/01/16~112/10/16,定存息利",率:0.625%,貸,"10,417",吳芷寧,2023/10/26,,10417
大通創投,2023/10/16,1121000016,110608,定期存款-台幣華銀城東(綜存),112/10/16~113/07/16(45)270天利率:0.625%,,借,"15,700,000",吳芷寧,2023/10/26,15700000,
大通創投,2023/10/16,1121000016,11030135,銀行存款-華銀城東台幣(綜存)#108-10-035829-8,定存息轉入活存,,借,"8,177",吳芷寧,2023/10/26,8177,
大通創投,2023/10/16,1121000016,110608,定期存款-台幣華銀城東(綜存),#1531212(4)定存112/10/16到期本金續作,,貸,"15,700,000",吳芷寧,2023/10/26,,15700000
大通創投,2023/10/16,1121000016,424101,利息收入-台幣定存息,"華銀城東112/01/16~112/10/16,定存息利",率:0.625%,貸,"8,177",吳芷寧,2023/10/26,,8177
大通創投,2023/10/16,1121000017,110608,定期存款-台幣華銀城東(綜存),112/10/16~113/07/16(46)270天利率:0.625%,,借,"30,000,000",吳芷寧,2023/10/26,30000000,
大通創投,2023/10/16,1121000017,11030135,銀行存款-華銀城東台幣(綜存)#108-10-035829-8,定存息轉入活存,,借,"15,625",吳芷寧,2023/10/26,15625,
大通創投,2023/10/16,1121000017,110608,定期存款-台幣華銀城東(綜存),#1531224(2)定存112/10/16到期本金續作,,貸,"30,000,000",吳芷寧,2023/10/26,,30000000
大通創投,2023/10/16,1121000017,424101,利息收入-台幣定存息,"華銀城東112/01/16~112/10/16,定存息利",率:0.625%,貸,"15,625",吳芷寧,2023/10/26,,15625
大通創投,2023/10/16,1121000018,11030135,銀行存款-華銀城東台幣(綜存)#108-10-035829-8,華銀城東(綜存)定存息#1537566,,借,"3,806",吳芷寧,2023/10/26,3806,
大通創投,2023/10/16,1121000018,424101,利息收入-台幣定存息,華銀城東(綜存)定存息#1537566,,貸,"3,806",吳芷寧,2023/10/26,,3806
大通創投,2023/10/18,1121000019,11030135,銀行存款-華銀城東台幣(綜存)#108-10-035829-8,華銀城東(綜存)定存息#1537609,,借,"3,544",吳芷寧,2023/10/26,3544,
大通創投,2023/10/18,1121000019,424101,利息收入-台幣定存息,華銀城東(綜存)定存息#1537609,,貸,"3,544",吳芷寧,2023/10/26,,3544
大通創投,2023/10/19,1121000020,11030135,銀行存款-華銀城東台幣(綜存)#108-10-035829-8,華銀城東(綜存)定存息#1535745,,借,"2,803",吳芷寧,2023/10/26,2803,
大通創投,2023/10/19,1121000020,424101,利息收入-台幣定存息,華銀城東(綜存)定存息#1535745,,貸,"2,803",吳芷寧,2023/10/26,,2803
大通創投,2023/10/20,1121000021,11030135,銀行存款-華銀城東台幣(綜存)#108-10-035829-8,華銀城東(綜存)定存息#1535782,,借,"1,967",吳芷寧,2023/10/26,1967,
大通創投,2023/10/20,1121000021,424101,利息收入-台幣定存息,華銀城東(綜存)定存息#1535782,,貸,"1,967",吳芷寧,2023/10/26,,1967
大通創投,2023/10/23,1121000022,11030135,銀行存款-華銀城東台幣(綜存)#108-10-035829-8,華銀城東(綜存)定存息#1536940,,借,"2,625",吳芷寧,2023/10/26,2625,
大通創投,2023/10/23,1121000022,424101,利息收入-台幣定存息,華銀城東(綜存)定存息#1536940,,貸,"2,625",吳芷寧,2023/10/26,,2625
大通創投,2023/10/20,1121000023,110608,定期存款-台幣華銀城東(綜存),112/10/20~112/11/20(47)30天利率:0.585%,,借,"19,500,000",吳芷寧,2023/11/02,19500000,
大通創投,2023/10/20,1121000023,11030135,銀行存款-華銀城東台幣(綜存)#108-10-035829-8,定存息轉入活存,,借,"9,506",吳芷寧,2023/11/02,9506,
大通創投,2023/10/20,1121000023,110608,定期存款-台幣華銀城東(綜存),#1535794(36)定存112/10/20到期本金續作,,貸,"19,500,000",吳芷寧,2023/11/02,,19500000
大通創投,2023/10/20,1121000023,424101,利息收入-台幣定存息,"華銀城東112/09/20~112/10/20,定存息利",率:0.585%,貸,"9,506",吳芷寧,2023/11/02,,9506
大通創投,2023/10/26,1121000024,11030130,銀行存款-彰銀松江優帳戶台幣#97528636914600,彰銀松江優帳戶定存息#06-20398,,借,"2,578",吳芷寧,2023/11/02,2578,
大通創投,2023/10/26,1121000024,424101,利息收入-台幣定存息,彰銀松江優帳戶定存息#06-20398,,貸,"2,578",吳芷寧,2023/11/02,,2578
大通創投,2023/10/31,1121000025,117701,應收利息-台幣定存息,估計10月底應收定存息,,借,"52,832",吳芷寧,2023/11/02,52832,
大通創投,2023/10/31,1121000025,424101,利息收入-台幣定存息,估計10月底定存息,,貸,"52,832",吳芷寧,2023/11/02,,52832
大通創投,2023/10/31,1121000026,11030136,銀行存款-華銀城東外幣#108-97-004112-0,112.10月匯率調整,,借,29,吳芷寧,2023/11/02,29,
大通創投,2023/10/31,1121000026,11030134,銀行存款-Stifel68718585,112.10月匯率調整,,貸,16,吳芷寧,2023/11/02,,16
大通創投,2023/10/31,1121000026,11030127,銀行存款-SinoPac#714020300007,112.10月匯率調整,,貸,159,吳芷寧,2023/11/02,,159
大通創投,2023/10/31,1121000026,11030131,銀行存款-KGIAsia#10001251689,112.10月匯率調整,,借,93,吳芷寧,2023/11/02,93,
大通創投,2023/10/31,1121000026,7161,兌換利益,112.10月匯率調整,,借,53,吳芷寧,2023/11/02,53,
大通創投,2023/11/08,1121100001,128103,暫付款-其他,"112.11.09董事會出席費NT$2,000*5人",,借,"10,000",吳芷寧,2023/10/16,10000,
大通創投,2023/11/08,1121100001,6215,郵電費,112.11.09董事會出席費-手續費NT$30,,借,30,吳芷寧,2023/10/16,30,
大通創投,2023/11/08,1121100001,11030130,銀行存款-彰銀松江優帳戶台幣#97528636914600,"112.11.09董事會出席費NT$2,000*4人",,貸,"8,000",吳芷寧,2023/10/16,,8000
大通創投,2023/11/08,1121100001,11030130,銀行存款-彰銀松江優帳戶台幣#97528636914600,"112.11.09董事會出席費NT$2,000*1人+手續費",NT$30,貸,"2,030",吳芷寧,2023/10/16,,2030
大通創投,2023/11/01,1121100002,424101,利息收入-台幣定存息,回轉10月底估計利息,,借,"52,832",吳芷寧,2023/11/02,52832,
大通創投,2023/11/01,1121100002,117701,應收利息-台幣定存息,回轉10月底估計利息,,貸,"52,832",吳芷寧,2023/11/02,,52832
大通創投,2023/11/01,1121100003,11030136,銀行存款-華銀城東外幣#108-97-004112-0,回轉112.10月匯率調整,,貸,29,吳芷寧,2023/11/02,,29
大通創投,2023/11/01,1121100003,11030134,銀行存款-Stifel68718585,回轉112.10月匯率調整,,借,16,吳芷寧,2023/11/02,16,
大通創投,2023/11/01,1121100003,11030127,銀行存款-SinoPac#714020300007,回轉112.10月匯率調整,,借,159,吳芷寧,2023/11/02,159,
大通創投,2023/11/01,1121100003,11030131,銀行存款-KGIAsia#10001251689,回轉112.10月匯率調整,,貸,93,吳芷寧,2023/11/02,,93
大通創投,2023/11/01,1121100003,7161,兌換利益,回轉112.10月匯率調整,,貸,53,吳芷寧,2023/11/02,,53
大通創投,2023/11/27,1121100004,2871,租賃負債-非流動,112.11月臺隆租金費用-沖銷依IFRS16認列租,賃負債,借,"120,608",吳芷寧,2023/11/08,120608,
大通創投,2023/11/27,1121100004,622203,稅捐-租金,112.11月臺隆租金費用-Tax5%,,借,"6,352",吳芷寧,2023/11/08,6352,
大通創投,2023/11/27,1121100004,751102,利息費用-租賃負債,112.11月依IFRS16認列租賃負債沖銷費用,,借,"6,442",吳芷寧,2023/11/08,6442,
大通創投,2023/11/27,1121100004,11030130,銀行存款-彰銀松江優帳戶台幣#97528636914600,112.11月臺隆租金費用,,貸,"133,402",吳芷寧,2023/11/08,,133402
大通創投,2023/11/27,1121100004,6224-1,折舊-使用權資產,112.11月依IFRS16認列使用權資產攤提折舊,,借,"123,747",吳芷寧,2023/11/08,123747,
大通創投,2023/11/27,1121100004,1579,累計折舊-使用權資產,112.11月依IFRS16認列使用權資產攤提折舊,,貸,"123,747",吳芷寧,2023/11/08,,123747
大通創投,2023/11/09,1121100005,623601,車馬費-應稅-個人,"112.11.09董事會出席費NT$2,000*4人",,借,"8,000",吳芷寧,2023/11/09,8000,
大通創投,2023/11/09,1121100005,623602,車馬費-應稅-法人,"112.11.09董事會出席費NT$2,000*1人",,借,"2,000",吳芷寧,2023/11/09,2000,
大通創投,2023/11/09,1121100005,128103,暫付款-其他,112.11.09董事會出席費Ref.1121100001,,貸,"10,000",吳芷寧,2023/11/09,,10000
大通創投,2023/11/09,1121100005,22820102,代收款-代扣款-外國人,沖112.11.09董事會出席費-代扣稅款6%,,借,120,吳芷寧,2023/11/09,120,
大通創投,2023/11/09,1121100005,22820102,代收款-代扣款-外國人,112.11.09董事會出席費-代扣稅款6%,,貸,120,吳芷寧,2023/11/09,,120
大通創投,2023/11/13,1121100006,11030135,銀行存款-華銀城東台幣(綜存)#108-10-035829-8,華銀城東(綜存)定存息#1538213,,借,"3,872",吳芷寧,2023/11/21,3872,
大通創投,2023/11/13,1121100006,424101,利息收入-台幣定存息,華銀城東(綜存)定存息#1538213,,貸,"3,872",吳芷寧,2023/11/21,,3872
大通創投,2023/11/13,1121100006,11030135,銀行存款-華銀城東台幣(綜存)#108-10-035829-8,華銀城東(綜存)定存息#1538251,,借,"3,872",吳芷寧,2023/11/21,3872,
大通創投,2023/11/13,1121100006,424101,利息收入-台幣定存息,華銀城東(綜存)定存息#1538251,,貸,"3,872",吳芷寧,2023/11/21,,3872
大通創投,2023/11/13,1121100006,11030135,銀行存款-華銀城東台幣(綜存)#108-10-035829-8,華銀城東(綜存)定存息#1538298,,借,"3,872",吳芷寧,2023/11/21,3872,
大通創投,2023/11/13,1121100006,424101,利息收入-台幣定存息,華銀城東(綜存)定存息#1538298,,貸,"3,872",吳芷寧,2023/11/21,,3872
大通創投,2023/11/15,1121100007,11030135,銀行存款-華銀城東台幣(綜存)#108-10-035829-8,華銀城東(綜存)定存息#1537566,,借,"3,806",吳芷寧,2023/11/21,3806,
大通創投,2023/11/15,1121100007,424101,利息收入-台幣定存息,華銀城東(綜存)定存息#1537566,,貸,"3,806",吳芷寧,2023/11/21,,3806
大通創投,2023/11/17,1121100008,11030135,銀行存款-華銀城東台幣(綜存)#108-10-035829-8,華銀城東(綜存)定存息#1538446,,借,"3,872",吳芷寧,2023/11/21,3872,
大通創投,2023/11/17,1121100008,424101,利息收入-台幣定存息,華銀城東(綜存)定存息#1538446,,貸,"3,872",吳芷寧,2023/11/21,,3872
大通創投,2023/11/20,1121100009,110608,定期存款-台幣華銀城東(綜存),112/11/20~112/12/20(49)30天利率:0.585%,,借,"19,500,000",吳芷寧,2023/11/21,19500000,
大通創投,2023/11/20,1121100009,11030135,銀行存款-華銀城東台幣(綜存)#108-10-035829-8,定存息轉入活存,,借,"9,506",吳芷寧,2023/11/21,9506,
大通創投,2023/11/20,1121100009,110608,定期存款-台幣華銀城東(綜存),#1535794(47)定存112/11/20到期本金續作,,貸,"19,500,000",吳芷寧,2023/11/21,,19500000
大通創投,2023/11/20,1121100009,424101,利息收入-台幣定存息,"華銀城東112/10/20~112/11/20,定存息利",率:0.585%,貸,"9,506",吳芷寧,2023/11/21,,9506
大通創投,2023/11/20,1121100010,11030135,銀行存款-華銀城東台幣(綜存)#108-10-035829-8,華銀城東(綜存)定存息#1535745,,借,"2,803",吳芷寧,2023/11/21,2803,
大通創投,2023/11/20,1121100010,424101,利息收入-台幣定存息,華銀城東(綜存)定存息#1535745,,貸,"2,803",吳芷寧,2023/11/21,,2803
大通創投,2023/11/20,1121100010,11030135,銀行存款-華銀城東台幣(綜存)#108-10-035829-8,華銀城東(綜存)定存息#1535782,,借,"1,967",吳芷寧,2023/11/21,1967,
大通創投,2023/11/20,1121100010,424101,利息收入-台幣定存息,華銀城東(綜存)定存息#1535782,,貸,"1,967",吳芷寧,2023/11/21,,1967
大通創投,2023/11/20,1121100010,11030135,銀行存款-華銀城東台幣(綜存)#108-10-035829-8,華銀城東(綜存)定存息#1537609,,借,"3,544",吳芷寧,2023/11/21,3544,
大通創投,2023/11/20,1121100010,424101,利息收入-台幣定存息,華銀城東(綜存)定存息#1537609,,貸,"3,544",吳芷寧,2023/11/21,,3544
大通創投,2023/11/20,1121100010,11030135,銀行存款-華銀城東台幣(綜存)#108-10-035829-8,華銀城東(綜存)定存息#1538483,,借,"1,641",吳芷寧,2023/11/21,1641,
大通創投,2023/11/20,1121100010,424101,利息收入-台幣定存息,華銀城東(綜存)定存息#1538483,,貸,"1,641",吳芷寧,2023/11/21,,1641
大通創投,2023/11/16,1121100011,11030135,銀行存款-華銀城東台幣(綜存)#108-10-035829-8,華銀城東(綜存)定存息#1531201,,借,"10,417",吳芷寧,2023/11/21,10417,
大通創投,2023/11/16,1121100011,424101,利息收入-台幣定存息,華銀城東(綜存)定存息#1531201,,貸,"10,417",吳芷寧,2023/11/21,,10417
大通創投,2023/11/16,1121100011,11030135,銀行存款-華銀城東台幣(綜存)#108-10-035829-8,華銀城東(綜存)定存息#1531212,,借,"8,177",吳芷寧,2023/11/21,8177,
大通創投,2023/11/16,1121100011,424101,利息收入-台幣定存息,華銀城東(綜存)定存息#1531212,,貸,"8,177",吳芷寧,2023/11/21,,8177
大通創投,2023/11/16,1121100011,11030135,銀行存款-華銀城東台幣(綜存)#108-10-035829-8,華銀城東(綜存)定存息#1531224,,借,"15,625",吳芷寧,2023/11/21,15625,
大通創投,2023/11/16,1121100011,424101,利息收入-台幣定存息,華銀城東(綜存)定存息#1531224,,貸,"15,625",吳芷寧,2023/11/21,,15625
大通創投,2023/11/16,1121100011,11030135,銀行存款-華銀城東台幣(綜存)#108-10-035829-8,華銀城東(綜存)定存息#1538380,,借,"3,872",吳芷寧,2023/11/21,3872,
大通創投,2023/11/16,1121100011,424101,利息收入-台幣定存息,華銀城東(綜存)定存息#1538380,,貸,"3,872",吳芷寧,2023/11/21,,3872
大通創投,2023/11/08,1121100012,110608,定期存款-台幣華銀城東(綜存),112/11/08~113/02/08(48)90天利率:0.59%,,借,"30,000,000",吳芷寧,2023/11/21,30000000,
大通創投,2023/11/08,1121100012,11030135,銀行存款-華銀城東台幣(綜存)#108-10-035829-8,定存息轉入活存,,借,"14,750",吳芷寧,2023/11/21,14750,
大通創投,2023/11/08,1121100012,110608,定期存款-台幣華銀城東(綜存),#1532097(27)定存112/11/08到期本金續作,,貸,"30,000,000",吳芷寧,2023/11/21,,30000000
大通創投,2023/11/08,1121100012,424101,利息收入-台幣定存息,"華銀城東112/08/08~112/11/08,定存息利",率:0.59%,貸,"14,750",吳芷寧,2023/11/21,,14750
大通創投,2023/11/30,1121100013,424104,利息收入-活存息,調整華銀城東(綜存)定存息#151533950,,借,"1,770",吳芷寧,2023/11/29,1770,
大通創投,2023/11/30,1121100013,424101,利息收入-台幣定存息,調整華銀城東(綜存)定存息#151533950,,貸,"1,770",吳芷寧,2023/11/29,,1770
大通創投,2023/11/30,1121100013,424104,利息收入-活存息,調整華銀城東(綜存)定存息#151532097,,借,"14,750",吳芷寧,2023/11/29,14750,
大通創投,2023/11/30,1121100013,424101,利息收入-台幣定存息,調整華銀城東(綜存)定存息#151532097,,貸,"14,750",吳芷寧,2023/11/29,,14750
大通創投,2023/11/22,1121100014,11030135,銀行存款-華銀城東台幣(綜存)#108-10-035829-8,華銀城東(綜存)定存息#1536940,,借,"2,625",吳芷寧,2023/11/30,2625,
大通創投,2023/11/22,1121100014,424101,利息收入-台幣定存息,華銀城東(綜存)定存息#1536940,,貸,"2,625",吳芷寧,2023/11/30,,2625
大通創投,2023/11/26,1121100015,11030130,銀行存款-彰銀松江優帳戶台幣#97528636914600,彰銀松江優帳戶定存息#06-20398,,借,"2,578",吳芷寧,2023/11/30,2578,
大通創投,2023/11/26,1121100015,424101,利息收入-台幣定存息,彰銀松江優帳戶定存息#06-20398,,貸,"2,578",吳芷寧,2023/11/30,,2578
大通創投,2023/11/30,1121100016,117701,應收利息-台幣定存息,估計11月底應收定存息,,借,"49,649",吳芷寧,2023/12/04,49649,
大通創投,2023/11/30,1121100016,424101,利息收入-台幣定存息,估計11月底定存息,,貸,"49,649",吳芷寧,2023/12/04,,49649
大通創投,2023/11/30,1121100017,11030136,銀行存款-華銀城東外幣#108-97-004112-0,112.11月匯率調整,,借,15,吳芷寧,2023/12/04,15,
大通創投,2023/11/30,1121100017,11030134,銀行存款-Stifel68718585,112.11月匯率調整,,貸,63,吳芷寧,2023/12/04,,63
大通創投,2023/11/30,1121100017,11030127,銀行存款-SinoPac#714020300007,112.11月匯率調整,,貸,261,吳芷寧,2023/12/04,,261
大通創投,2023/11/30,1121100017,11030131,銀行存款-KGIAsia#10001251689,112.11月匯率調整,,借,60,吳芷寧,2023/12/04,60,
大通創投,2023/11/30,1121100017,7161,兌換利益,112.11月匯率調整,,借,249,吳芷寧,2023/12/04,249,
大通創投,2023/12/01,1121200001,424101,利息收入-台幣定存息,回轉11月底估計利息,,借,"49,649",吳芷寧,2023/12/04,49649,
大通創投,2023/12/01,1121200001,117701,應收利息-台幣定存息,回轉11月底估計利息,,貸,"49,649",吳芷寧,2023/12/04,,49649
大通創投,2023/12/01,1121200002,11030136,銀行存款-華銀城東外幣#108-97-004112-0,回轉112.11月匯率調整,,貸,15,吳芷寧,2023/12/04,,15
大通創投,2023/12/01,1121200002,11030134,銀行存款-Stifel68718585,回轉112.11月匯率調整,,借,63,吳芷寧,2023/12/04,63,
大通創投,2023/12/01,1121200002,11030127,銀行存款-SinoPac#714020300007,回轉112.11月匯率調整,,借,261,吳芷寧,2023/12/04,261,
大通創投,2023/12/01,1121200002,11030131,銀行存款-KGIAsia#10001251689,回轉112.11月匯率調整,,貸,60,吳芷寧,2023/12/04,,60
大通創投,2023/12/01,1121200002,7161,兌換利益,回轉112.11月匯率調整,,貸,249,吳芷寧,2023/12/04,,249
大通創投,2023/12/25,1121200003,2871,租賃負債-非流動,112.12月臺隆租金費用-沖銷依IFRS16認列租,賃負債,借,"120,717",吳芷寧,2023/12/12,120717,
大通創投,2023/12/25,1121200003,622203,稅捐-租金,112.12月臺隆租金費用-Tax5%,,借,"6,352",吳芷寧,2023/12/12,6352,
大通創投,2023/12/25,1121200003,751102,利息費用-租賃負債,112.12月依IFRS16認列租賃負債沖銷費用,,借,"6,333",吳芷寧,2023/12/12,6333,
大通創投,2023/12/25,1121200003,11030130,銀行存款-彰銀松江優帳戶台幣#97528636914600,112.12月臺隆租金費用,,貸,"133,402",吳芷寧,2023/12/12,,133402
大通創投,2023/12/25,1121200003,6224-1,折舊-使用權資產,112.12月依IFRS16認列使用權資產攤提折舊,,借,"123,747",吳芷寧,2023/12/12,123747,
大通創投,2023/12/25,1121200003,1579,累計折舊-使用權資產,112.12月依IFRS16認列使用權資產攤提折舊,,貸,"123,747",吳芷寧,2023/12/12,,123747
大通創投,2023/12/25,1121200004,62880205,其他費用-免稅-規費及股票費用,112.06.01-112.11.30中國信託股票保管費用,,借,"10,000",吳芷寧,2023/12/12,10000,
大通創投,2023/12/25,1121200004,6215,郵電費,中國信託股票保管費用-匯費NT$30,,借,30,吳芷寧,2023/12/12,30,
大通創投,2023/12/25,1121200004,11030130,銀行存款-彰銀松江優帳戶台幣#97528636914600,112.06.01-112.11.30中國信託股票保管費用+,匯費NT$30,貸,"10,030",吳芷寧,2023/12/12,,10030
大通創投,2023/12/20,1121200005,11030135,銀行存款-華銀城東台幣(綜存)#108-10-035829-8,定存到期存入華銀城東,,借,"4,001,967",吳芷寧,2023/12/13,4001967,
大通創投,2023/12/20,1121200005,110608,定期存款-台幣華銀城東(綜存),#1535782(35)定存112/12/20到期存入活存,,貸,"4,000,000",吳芷寧,2023/12/13,,4000000
大通創投,2023/12/20,1121200005,424101,利息收入-台幣定存息,"華銀城東112/09/20~112/12/20,定存息利率",:0.59%,貸,"1,967",吳芷寧,2023/12/13,,1967
大通創投,2023/12/20,1121200006,11030135,銀行存款-華銀城東台幣(綜存)#108-10-035829-8,定存到期存入華銀城東,,借,"19,509,506",吳芷寧,2023/12/13,19509506,
大通創投,2023/12/20,1121200006,110608,定期存款-台幣華銀城東(綜存),#1535794(49)定存112/12/20到期存入活存,,貸,"19,500,000",吳芷寧,2023/12/13,,19500000
大通創投,2023/12/20,1121200006,424101,利息收入-台幣定存息,"華銀城東112/11/20~112/12/20,定存息利率",:0.585%,貸,"9,506",吳芷寧,2023/12/13,,9506
大通創投,2023/12/20,1121200007,11030135,銀行存款-華銀城東台幣(綜存)#108-10-035829-8,定存解約存入華銀城東,,借,"30,000,000",吳芷寧,2023/12/13,30000000,
大通創投,2023/12/20,1121200007,110608,定期存款-台幣華銀城東(綜存),#1532097(48)定存112/12/20解約存入活存,,貸,"30,000,000",吳芷寧,2023/12/13,,30000000
大通創投,2023/12/20,1121200008,11030135,銀行存款-華銀城東台幣(綜存)#108-10-035829-8,定存解約存入華銀城東,,借,"15,700,000",吳芷寧,2023/12/13,15700000,
大通創投,2023/12/20,1121200008,110608,定期存款-台幣華銀城東(綜存),#1531212(45)定存112/12/20解約存入活存,,貸,"15,700,000",吳芷寧,2023/12/13,,15700000
大通創投,2023/12/29,1121200009,623802,勞務支出-應稅-會計師,安侯建業會計師112.4Q財稅報查核公費,,借,"103,250",吳芷寧,2023/12/21,103250,
大通創投,2023/12/29,1121200009,2176,應付勞務費,安侯建業會計師112.4Q財稅報查核公費,,貸,"103,250",吳芷寧,2023/12/21,,103250
大通創投,2023/12/26,1121200010,111-10,交易目的金融資產-股票-國內,"購入華星光400,000股@107.66",,借,"43,064,000",吳芷寧,2023/12/25,43064000,
大通創投,2023/12/26,1121200010,11030135,銀行存款-華銀城東台幣(綜存)#108-10-035829-8,"購入華星光400,000股@107.66",,貸,"43,064,000",吳芷寧,2023/12/25,,43064000
大通創投,2023/12/26,1121200010,128103,暫付款-其他,"購入華星光證交稅43,064,000*0.3%",,借,"129,192",吳芷寧,2023/12/25,129192,
大通創投,2023/12/26,1121200010,128103,暫付款-其他,"購入華星光證交稅43,064,000*0.3%",,貸,"129,192",吳芷寧,2023/12/25,,129192
大通創投,2023/12/08,1121200011,11030135,銀行存款-華銀城東台幣(綜存)#108-10-035829-8,華銀城東(綜存)定存息#1532097,,借,"14,750",吳芷寧,2023/12/26,14750,
大通創投,2023/12/08,1121200011,424101,利息收入-台幣定存息,華銀城東(綜存)定存息#1532097,,貸,"14,750",吳芷寧,2023/12/26,,14750
大通創投,2023/12/11,1121200012,11030135,銀行存款-華銀城東台幣(綜存)#108-10-035829-8,華銀城東(綜存)定存息#1538213,,借,"3,872",吳芷寧,2023/12/26,3872,
大通創投,2023/12/11,1121200012,424101,利息收入-台幣定存息,華銀城東(綜存)定存息#1538213,,貸,"3,872",吳芷寧,2023/12/26,,3872
大通創投,2023/12/12,1121200013,11030135,銀行存款-華銀城東台幣(綜存)#108-10-035829-8,華銀城東(綜存)定存息#1538251,,借,"3,872",吳芷寧,2023/12/26,3872,
大通創投,2023/12/12,1121200013,424101,利息收入-台幣定存息,華銀城東(綜存)定存息#1538251,,貸,"3,872",吳芷寧,2023/12/26,,3872
大通創投,2023/12/13,1121200014,11030135,銀行存款-華銀城東台幣(綜存)#108-10-035829-8,華銀城東(綜存)定存息#1538298,,借,"3,872",吳芷寧,2023/12/26,3872,
大通創投,2023/12/13,1121200014,424101,利息收入-台幣定存息,華銀城東(綜存)定存息#1538298,,貸,"3,872",吳芷寧,2023/12/26,,3872
大通創投,2023/12/15,1121200015,11030135,銀行存款-華銀城東台幣(綜存)#108-10-035829-8,華銀城東(綜存)定存息#1537566,,借,"3,806",吳芷寧,2023/12/26,3806,
大通創投,2023/12/15,1121200015,424101,利息收入-台幣定存息,華銀城東(綜存)定存息#1537566,,貸,"3,806",吳芷寧,2023/12/26,,3806
大通創投,2023/12/18,1121200016,11030135,銀行存款-華銀城東台幣(綜存)#108-10-035829-8,華銀城東(綜存)定存息#1531201,,借,"10,417",吳芷寧,2023/12/26,10417,
大通創投,2023/12/18,1121200016,424101,利息收入-台幣定存息,華銀城東(綜存)定存息#1531201,,貸,"10,417",吳芷寧,2023/12/26,,10417
大通創投,2023/12/18,1121200016,11030135,銀行存款-華銀城東台幣(綜存)#108-10-035829-8,華銀城東(綜存)定存息#1531212,,借,"8,177",吳芷寧,2023/12/26,8177,
大通創投,2023/12/18,1121200016,424101,利息收入-台幣定存息,華銀城東(綜存)定存息#1531212,,貸,"8,177",吳芷寧,2023/12/26,,8177
大通創投,2023/12/18,1121200016,11030135,銀行存款-華銀城東台幣(綜存)#108-10-035829-8,華銀城東(綜存)定存息#1531224,,借,"15,625",吳芷寧,2023/12/26,15625,
大通創投,2023/12/18,1121200016,424101,利息收入-台幣定存息,華銀城東(綜存)定存息#1531224,,貸,"15,625",吳芷寧,2023/12/26,,15625
大通創投,2023/12/18,1121200016,11030135,銀行存款-華銀城東台幣(綜存)#108-10-035829-8,華銀城東(綜存)定存息#1537609,,借,"3,544",吳芷寧,2023/12/26,3544,
大通創投,2023/12/18,1121200016,424101,利息收入-台幣定存息,華銀城東(綜存)定存息#1537609,,貸,"3,544",吳芷寧,2023/12/26,,3544
大通創投,2023/12/18,1121200016,11030135,銀行存款-華銀城東台幣(綜存)#108-10-035829-8,華銀城東(綜存)定存息#1538380,,借,"3,872",吳芷寧,2023/12/26,3872,
大通創投,2023/12/18,1121200016,424101,利息收入-台幣定存息,華銀城東(綜存)定存息#1538380,,貸,"3,872",吳芷寧,2023/12/26,,3872
大通創投,2023/12/18,1121200016,11030135,銀行存款-華銀城東台幣(綜存)#108-10-035829-8,華銀城東(綜存)定存息#1538446,,借,"3,872",吳芷寧,2023/12/26,3872,
大通創投,2023/12/18,1121200016,424101,利息收入-台幣定存息,華銀城東(綜存)定存息#1538446,,貸,"3,872",吳芷寧,2023/12/26,,3872
大通創投,2023/12/18,1121200016,11030135,銀行存款-華銀城東台幣(綜存)#108-10-035829-8,華銀城東(綜存)定存息#1538483,,借,"1,641",吳芷寧,2023/12/26,1641,
大通創投,2023/12/18,1121200016,424101,利息收入-台幣定存息,華銀城東(綜存)定存息#1538483,,貸,"1,641",吳芷寧,2023/12/26,,1641
大通創投,2023/12/20,1121200017,424101,利息收入-台幣定存息,調整#1531212華銀城東定存息多估,,借,"3,318",吳芷寧,2023/12/26,3318,
大通創投,2023/12/20,1121200017,11030135,銀行存款-華銀城東台幣(綜存)#108-10-035829-8,調整#1531212華銀城東定存息多估,,貸,"3,318",吳芷寧,2023/12/26,,3318
大通創投,2023/12/20,1121200018,11030135,銀行存款-華銀城東台幣(綜存)#108-10-035829-8,調整#1532097華銀城東定存息少估,,借,"1,479",吳芷寧,2023/12/26,1479,
大通創投,2023/12/20,1121200018,424101,利息收入-台幣定存息,調整#1532097華銀城東定存息少估,,貸,"1,479",吳芷寧,2023/12/26,,1479
大通創投,2023/12/29,1121200019,11030130,銀行存款-彰銀松江優帳戶台幣#97528636914600,銀行資金調撥華銀城東綜存→彰銀松江優帳,戶,借,"6,500,000",吳芷寧,2023/12/26,6500000,
大通創投,2023/12/29,1121200019,6215,郵電費,銀行資金調撥-匯費,,借,80,吳芷寧,2023/12/26,80,
大通創投,2023/12/29,1121200019,11030135,銀行存款-華銀城東台幣(綜存)#108-10-035829-8,銀行資金調撥華銀城東綜存→彰銀松江優帳,戶,貸,"6,500,080",吳芷寧,2023/12/26,,6500080
大通創投,2023/12/21,1121200020,11030101,銀行存款-彰銀松江#97520136914200,彰銀松江112.12.21活存息209,,借,209,吳芷寧,2024/01/02,209,
大通創投,2023/12/21,1121200020,424104,利息收入-活存息,彰銀松江112.12.21活存息209,,貸,209,吳芷寧,2024/01/02,,209
大通創投,2023/12/21,1121200020,11030105,銀行存款-華銀城東#108105000493,華銀城東112.12.21活存息24,,借,24,吳芷寧,2024/01/02,24,
大通創投,2023/12/21,1121200020,424104,利息收入-活存息,華銀城東112.12.21活存息24,,貸,24,吳芷寧,2024/01/02,,24
大通創投,2023/12/21,1121200020,11030135,銀行存款-華銀城東台幣(綜存)#108-10-035829-8,"華銀城東(綜存)112.12.21活存息3,832",,借,"3,832",吳芷寧,2024/01/02,3832,
大通創投,2023/12/21,1121200020,424104,利息收入-活存息,"華銀城東(綜存)112.12.21活存息3,832",,貸,"3,832",吳芷寧,2024/01/02,,3832
大通創投,2023/12/21,1121200020,11030110,銀行存款-世華古亭#030-18-805374-9,國泰世華古亭112.12.21活存息1,,借,1,吳芷寧,2024/01/02,1,
大通創投,2023/12/21,1121200020,424104,利息收入-活存息,國泰世華古亭112.12.21活存息1,,貸,1,吳芷寧,2024/01/02,,1
大通創投,2023/12/21,1121200020,11030125,銀行存款-國泰世華新生044-14-000103-9,國泰世華新生112.12.21活存息1,,借,1,吳芷寧,2024/01/02,1,
大通創投,2023/12/21,1121200020,424104,利息收入-活存息,國泰世華新生112.12.21活存息1,,貸,1,吳芷寧,2024/01/02,,1
大通創投,2023/12/21,1121200020,11030126,銀行存款-國泰世華大安020-14-006688-6,國泰世華大安112.12.21活存息2,,借,2,吳芷寧,2024/01/02,2,
大通創投,2023/12/21,1121200020,424104,利息收入-活存息,國泰世華大安112.12.21活存息2,,貸,2,吳芷寧,2024/01/02,,2
大通創投,2023/12/21,1121200020,11030129,銀行存款-國泰世華復興018-14-001008-8,國泰世華復興112.12.21活存息5,,借,5,吳芷寧,2024/01/02,5,
大通創投,2023/12/21,1121200020,424104,利息收入-活存息,國泰世華復興112.12.21活存息5,,貸,5,吳芷寧,2024/01/02,,5
大通創投,2023/12/21,1121200020,11030130,銀行存款-彰銀松江優帳戶台幣#97528636914600,"彰銀松江(優帳戶)112.12.21活存息2,835",,借,"2,835",吳芷寧,2024/01/02,2835,
大通創投,2023/12/21,1121200020,424104,利息收入-活存息,"彰銀松江(優帳戶)112.12.21活存息2,835",,貸,"2,835",吳芷寧,2024/01/02,,2835
大通創投,2023/12/19,1121200021,110608,定期存款-台幣華銀城東(綜存),112/12/19~113/03/19(50)90天利率:1.16%,,借,"2,900,000",吳芷寧,2024/01/02,2900000,
大通創投,2023/12/19,1121200021,11030135,銀行存款-華銀城東台幣(綜存)#108-10-035829-8,定存息轉入活存,,借,"2,803",吳芷寧,2024/01/02,2803,
大通創投,2023/12/19,1121200021,110608,定期存款-台幣華銀城東(綜存),#1535745(34)定存112/12/19到期本金續作,,貸,"2,900,000",吳芷寧,2024/01/02,,2900000
大通創投,2023/12/19,1121200021,424101,利息收入-台幣定存息,"華銀城東112/09/19~112/12/19,定存息利",率:1.16%,貸,"2,803",吳芷寧,2024/01/02,,2803
大通創投,2023/12/22,1121200022,11030135,銀行存款-華銀城東台幣(綜存)#108-10-035829-8,華銀城東(綜存)定存息#1536940,,借,"2,625",吳芷寧,2024/01/02,2625,
大通創投,2023/12/22,1121200022,424101,利息收入-台幣定存息,華銀城東(綜存)定存息#1536940,,貸,"2,625",吳芷寧,2024/01/02,,2625
大通創投,2023/12/26,1121200023,11030130,銀行存款-彰銀松江優帳戶台幣#97528636914600,彰銀松江優帳戶定存息#06-20398,,借,"2,578",吳芷寧,2024/01/02,2578,
大通創投,2023/12/26,1121200023,424101,利息收入-台幣定存息,彰銀松江優帳戶定存息#06-20398,,貸,"2,578",吳芷寧,2024/01/02,,2578
大通創投,2023/12/29,1121200024,62880207,其他費用-免稅-其他,SinoPac銀行函證手續費HK$50R:3.929,,借,196,吳芷寧,2024/01/03,196,
大通創投,2023/12/29,1121200024,11030127,銀行存款-SinoPac#714020300007,SinoPac銀行函證手續費HK$50R:3.929,,貸,196,吳芷寧,2024/01/03,,196
大通創投,2023/12/29,1121200025,117701,應收利息-台幣定存息,估計12月底應收定存息,,借,"32,366",吳芷寧,2024/01/03,32366,
大通創投,2023/12/29,1121200025,424101,利息收入-台幣定存息,估計12月底定存息,,貸,"32,366",吳芷寧,2024/01/03,,32366
大通創投,2023/12/13,1121200026,62880207,其他費用-免稅-其他,KGI銀行函證手續費HK$50R:3.929,,借,196,吳芷寧,2024/01/03,196,
大通創投,2023/12/13,1121200026,11030131,銀行存款-KGIAsia#10001251689,KGI銀行函證手續費HK$50R:3.929,,貸,196,吳芷寧,2024/01/03,,196
大通創投,2023/12/29,1121200027,11030136,銀行存款-華銀城東外幣#108-97-004112-0,112.12月匯率調整,,借,8,吳芷寧,2024/01/03,8,
大通創投,2023/12/29,1121200027,11030134,銀行存款-Stifel68718585,112.12月匯率調整,,貸,85,吳芷寧,2024/01/03,,85
大通創投,2023/12/29,1121200027,11030127,銀行存款-SinoPac#714020300007,112.12月匯率調整,,貸,313,吳芷寧,2024/01/03,,313
大通創投,2023/12/29,1121200027,11030132,銀行存款-彰銀松江優帳戶美金#97528636914600,112.12月匯率調整,,貸,1,吳芷寧,2024/01/03,,1
大通創投,2023/12/29,1121200027,11030131,銀行存款-KGIAsia#10001251689,112.12月匯率調整,,借,43,吳芷寧,2024/01/03,43,
大通創投,2023/12/29,1121200027,7161,兌換利益,112.12月匯率調整,,借,348,吳芷寧,2024/01/03,348,
大通創投,2023/12/29,1121200027,7561,兌換損失,調整兌換損益淨額表達,,借,10,吳芷寧,2024/01/03,10,
大通創投,2023/12/29,1121200027,7161,兌換利益,調整兌換損益淨額表達,,貸,10,吳芷寧,2024/01/03,,10
大通創投,2023/12/26,1121200028,6215,郵電費,"購入華星光400,000股-匯費Ref.1121200010",,借,440,吳芷寧,2024/01/03,440,
大通創投,2023/12/26,1121200028,11030135,銀行存款-華銀城東台幣(綜存)#108-10-035829-8,"購入華星光400,000股-匯費Ref.1121200010",,貸,440,吳芷寧,2024/01/03,,440
大通創投,2023/12/29,1121200029,1462,指定公平價值變動列入損益之金融資產評價調整,回轉112.3Q-FVTPL評價損益,,貸,"13,140,367",吳芷寧,2024/01/03,,13140367
大通創投,2023/12/29,1121200029,4223,金融資產(負債)評價利益-FVTPL,回轉112.3Q-FVTPL評價損益,,借,"13,140,367",吳芷寧,2024/01/03,13140367,
大通創投,2023/12/29,1121200029,111-19,交易目的金融資產評價調整,回轉112.3Q-HFT評價損益,,借,"2,793,050",吳芷寧,2024/01/03,2793050,
大通創投,2023/12/29,1121200029,5225,金融資產(負債)評價損失-HFT,回轉112.3Q-HFT評價損益,,貸,"2,793,050",吳芷寧,2024/01/03,,2793050
大通創投,2023/12/29,1121200029,1462,指定公平價值變動列入損益之金融資產評價調整,112.4Q-FVTPL評價損益,,借,"42,306,598",吳芷寧,2024/01/03,42306598,
大通創投,2023/12/29,1121200029,4223,金融資產(負債)評價利益-FVTPL,112.4Q-FVTPL評價損益,,貸,"42,306,598",吳芷寧,2024/01/03,,42306598
大通創投,2023/12/29,1121200029,111-19,交易目的金融資產評價調整,112.4Q-HFT評價損益,,借,"2,054,900",吳芷寧,2024/01/03,2054900,
大通創投,2023/12/29,1121200029,4224,金融資產(負債)評價利益-HFT,112.4Q-HFT評價損益,,貸,"2,054,900",吳芷寧,2024/01/03,,2054900
大通創投,2023/12/29,1121200030,6401,獎勵金費用,112.4Q獎勵金費用,,借,"5,670,724",吳芷寧,2024/01/04,5670724,
大通創投,2023/12/29,1121200030,6402,獎勵金費用-稅捐,112.4Q獎勵金費用-Tax5%,,借,"283,536",吳芷寧,2024/01/04,283536,
大通創投,2023/12/29,1121200030,2142,應付獎勵金,112.4Q獎勵金費用,,貸,"5,954,260",吳芷寧,2024/01/04,,5954260
大通創投,2023/12/29,1121200031,8112,遞延所得稅利益(費用),調整-國內潛在利得之遞延所得稅負債,,借,"5,800,000",吳芷寧,2024/01/04,5800000,
大通創投,2023/12/29,1121200031,2861,遞延所得稅負債,調整-國內潛在利得之遞延所得稅負債,,貸,"5,800,000",吳芷寧,2024/01/04,,5800000
大通創投,2023/12/29,1121200032,8111,所得稅費用-當期,112.4Q所得稅費用,,借,"20,542",吳芷寧,2024/01/04,20542,
大通創投,2023/12/29,1121200032,2161,應付所得稅-當期,112.4Q所得稅費用,,貸,"20,542",吳芷寧,2024/01/04,,20542
